region_idx,region_name,network,hemisphere,accuracy,error_rate,precision,recall,f1_score,fnr,fpr,n_samples,n_correct,n_errors,n_false_positives
0,LH_VisCent_ExStr_2,VisCent,left,0.895,0.10499999999999998,0.8647342995169082,0.895,0.8796068796068797,0.105,0.0006060606060606061,200,179,21,28
1,LH_VisCent_ExStr_1,VisCent,left,0.975,0.025000000000000022,0.9948979591836735,0.975,0.984848484848485,0.025,2.1645021645021645e-05,200,195,5,1
2,LH_VisCent_Striate_1,VisCent,left,0.98,0.020000000000000018,0.9949238578680203,0.98,0.9874055415617129,0.02,2.1645021645021645e-05,200,196,4,1
3,LH_VisCent_ExStr_3,VisCent,left,0.94,0.06000000000000005,0.9740932642487047,0.94,0.9567430025445293,0.06,0.00010822510822510823,200,188,12,5
4,LH_VisCent_ExStr_4,VisCent,left,0.98,0.020000000000000018,0.98989898989899,0.98,0.9849246231155778,0.02,4.329004329004329e-05,200,196,4,2
5,LH_VisCent_ExStr_5,VisCent,left,0.99,0.010000000000000009,0.9850746268656716,0.99,0.9875311720698254,0.01,6.493506493506494e-05,200,198,2,3
6,LH_VisPeri_ExStrInf_1,VisPeri,left,0.945,0.05500000000000005,0.9593908629441624,0.945,0.9521410579345088,0.055,0.00017316017316017316,200,189,11,8
7,LH_VisPeri_ExStrInf_2,VisPeri,left,0.93,0.06999999999999995,0.96875,0.93,0.9489795918367346,0.07,0.00012987012987012987,200,186,14,6
8,LH_VisPeri_ExStrInf_3,VisPeri,left,0.775,0.22499999999999998,0.6798245614035088,0.775,0.7242990654205607,0.225,0.0015800865800865802,200,155,45,73
9,LH_VisPeri_StriCal_1,VisPeri,left,0.985,0.015000000000000013,1.0,0.985,0.9924433249370278,0.015,0.0,200,197,3,0
10,LH_VisPeri_ExStrSup_1,VisPeri,left,0.95,0.050000000000000044,0.9844559585492227,0.95,0.9669211195928753,0.05,6.493506493506494e-05,200,190,10,3
11,LH_VisPeri_ExStrSup_2,VisPeri,left,0.99,0.010000000000000009,0.9949748743718593,0.99,0.9924812030075189,0.01,2.1645021645021645e-05,200,198,2,1
12,LH_SomMotA_1,SomMotA,left,0.935,0.06499999999999995,0.9639175257731959,0.935,0.949238578680203,0.065,0.00015151515151515152,200,187,13,7
13,LH_SomMotA_2,SomMotA,left,0.955,0.04500000000000004,0.9646464646464646,0.955,0.9597989949748743,0.045,0.00015151515151515152,200,191,9,7
14,LH_SomMotA_3,SomMotA,left,0.91,0.08999999999999997,0.978494623655914,0.91,0.9430051813471503,0.09,8.658008658008658e-05,200,182,18,4
15,LH_SomMotA_4,SomMotA,left,0.99,0.010000000000000009,0.99,0.99,0.99,0.01,4.329004329004329e-05,200,198,2,2
16,LH_SomMotA_5,SomMotA,left,0.965,0.03500000000000003,0.965,0.965,0.965,0.035,0.00015151515151515152,200,193,7,7
17,LH_SomMotA_6,SomMotA,left,0.965,0.03500000000000003,0.9698492462311558,0.965,0.9674185463659147,0.035,0.00012987012987012987,200,193,7,6
18,LH_SomMotA_7,SomMotA,left,0.99,0.010000000000000009,1.0,0.99,0.9949748743718593,0.01,0.0,200,198,2,0
19,LH_SomMotA_8,SomMotA,left,0.955,0.04500000000000004,0.9794871794871794,0.955,0.9670886075949366,0.045,8.658008658008658e-05,200,191,9,4
20,LH_SomMotB_Aud_1,SomMotB,left,0.85,0.15000000000000002,0.918918918918919,0.85,0.8831168831168831,0.15,0.0003246753246753247,200,170,30,15
21,LH_SomMotB_Aud_2,SomMotB,left,0.93,0.06999999999999995,0.9946524064171123,0.93,0.9612403100775193,0.07,2.1645021645021645e-05,200,186,14,1
22,LH_SomMotB_S2_1,SomMotB,left,0.81,0.18999999999999995,0.8571428571428571,0.81,0.832904884318766,0.19,0.0005844155844155844,200,162,38,27
23,LH_SomMotB_S2_2,SomMotB,left,0.935,0.06499999999999995,0.9790575916230366,0.935,0.9565217391304348,0.065,8.658008658008658e-05,200,187,13,4
24,LH_SomMotB_Aud_3,SomMotB,left,0.81,0.18999999999999995,0.8617021276595744,0.81,0.8350515463917526,0.19,0.0005627705627705628,200,162,38,26
25,LH_SomMotB_S2_3,SomMotB,left,0.925,0.07499999999999996,0.9635416666666666,0.925,0.943877551020408,0.075,0.00015151515151515152,200,185,15,7
26,LH_SomMotB_Cent_1,SomMotB,left,0.965,0.03500000000000003,1.0,0.965,0.9821882951653944,0.035,0.0,200,193,7,0
27,LH_SomMotB_Cent_2,SomMotB,left,0.89,0.10999999999999999,0.956989247311828,0.89,0.922279792746114,0.11,0.00017316017316017316,200,178,22,8
28,LH_DorsAttnA_TempOcc_1,DorsAttnA,left,0.965,0.03500000000000003,0.946078431372549,0.965,0.9554455445544553,0.035,0.0002380952380952381,200,193,7,11
29,LH_DorsAttnA_TempOcc_2,DorsAttnA,left,0.95,0.050000000000000044,0.9405940594059405,0.95,0.9452736318407959,0.05,0.00025974025974025974,200,190,10,12
30,LH_DorsAttnA_ParOcc_1,DorsAttnA,left,0.9,0.09999999999999998,0.7929515418502202,0.9,0.8430913348946136,0.1,0.0010173160173160174,200,180,20,47
31,LH_DorsAttnA_SPL_1,DorsAttnA,left,0.97,0.030000000000000027,0.9238095238095239,0.97,0.9463414634146342,0.03,0.0003463203463203463,200,194,6,16
32,LH_DorsAttnA_SPL_2,DorsAttnA,left,0.96,0.040000000000000036,0.964824120603015,0.96,0.9624060150375939,0.04,0.00015151515151515152,200,192,8,7
33,LH_DorsAttnA_SPL_3,DorsAttnA,left,0.885,0.11499999999999999,0.917098445595855,0.885,0.900763358778626,0.115,0.0003463203463203463,200,177,23,16
34,LH_DorsAttnB_PostC_1,DorsAttnB,left,0.99,0.010000000000000009,1.0,0.99,0.9949748743718593,0.01,0.0,200,198,2,0
35,LH_DorsAttnB_PostC_2,DorsAttnB,left,0.985,0.015000000000000013,0.9752475247524752,0.985,0.9800995024875623,0.015,0.00010822510822510823,200,197,3,5
36,LH_DorsAttnB_PostC_3,DorsAttnB,left,0.96,0.040000000000000036,0.9746192893401016,0.96,0.9672544080604534,0.04,0.00010822510822510823,200,192,8,5
37,LH_DorsAttnB_PostC_4,DorsAttnB,left,0.985,0.015000000000000013,0.9704433497536946,0.985,0.977667493796526,0.015,0.00012987012987012987,200,197,3,6
38,LH_DorsAttnB_FEF_1,DorsAttnB,left,0.875,0.125,0.8177570093457944,0.875,0.8454106280193237,0.125,0.0008441558441558442,200,175,25,39
39,LH_SalVentAttnA_ParOper_1,SalVentAttnA,left,0.965,0.03500000000000003,0.9554455445544554,0.965,0.9601990049751244,0.035,0.0001948051948051948,200,193,7,9
40,LH_SalVentAttnA_Ins_1,SalVentAttnA,left,0.85,0.15000000000000002,0.918918918918919,0.85,0.8831168831168831,0.15,0.0003246753246753247,200,170,30,15
41,LH_SalVentAttnA_FrOper_1,SalVentAttnA,left,0.86,0.14,0.9247311827956989,0.86,0.8911917098445595,0.14,0.00030303030303030303,200,172,28,14
42,LH_SalVentAttnA_FrOper_2,SalVentAttnA,left,0.875,0.125,0.9722222222222222,0.875,0.9210526315789473,0.125,0.00010822510822510823,200,175,25,5
43,LH_SalVentAttnA_ParMed_1,SalVentAttnA,left,0.99,0.010000000000000009,0.9295774647887324,0.99,0.9588377723970944,0.01,0.0003246753246753247,200,198,2,15
44,LH_SalVentAttnA_FrMed_1,SalVentAttnA,left,0.965,0.03500000000000003,0.9948453608247423,0.965,0.9796954314720813,0.035,2.1645021645021645e-05,200,193,7,1
45,LH_SalVentAttnA_FrMed_2,SalVentAttnA,left,0.94,0.06000000000000005,0.9447236180904522,0.94,0.9423558897243106,0.06,0.0002380952380952381,200,188,12,11
46,LH_SalVentAttnB_IPL_1,SalVentAttnB,left,0.92,0.07999999999999996,0.9435897435897436,0.92,0.9316455696202531,0.08,0.0002380952380952381,200,184,16,11
47,LH_SalVentAttnB_PFCl_1,SalVentAttnB,left,0.845,0.15500000000000003,0.8848167539267016,0.845,0.8644501278772379,0.155,0.0004761904761904762,200,169,31,22
48,LH_SalVentAttnB_Ins_1,SalVentAttnB,left,0.885,0.11499999999999999,0.9672131147540983,0.885,0.9242819843342036,0.115,0.00012987012987012987,200,177,23,6
49,LH_SalVentAttnB_PFCmp_1,SalVentAttnB,left,0.965,0.03500000000000003,0.9948453608247423,0.965,0.9796954314720813,0.035,2.1645021645021645e-05,200,193,7,1
50,LH_LimbicB_OFC_1,LimbicB,left,0.765,0.235,0.7574257425742574,0.765,0.7611940298507464,0.235,0.0010606060606060607,200,153,47,49
51,LH_LimbicB_OFC_2,LimbicB,left,0.955,0.04500000000000004,0.9502487562189055,0.955,0.9526184538653366,0.045,0.00021645021645021645,200,191,9,10
52,LH_LimbicA_TempPole_1,LimbicA,left,0.865,0.135,0.7899543378995434,0.865,0.8257756563245824,0.135,0.0009956709956709957,200,173,27,46
53,LH_LimbicA_TempPole_2,LimbicA,left,0.81,0.18999999999999995,0.6923076923076923,0.81,0.7465437788018433,0.19,0.0015584415584415584,200,162,38,72
54,LH_LimbicA_TempPole_3,LimbicA,left,0.78,0.21999999999999997,0.6753246753246753,0.78,0.7238979118329466,0.22,0.0016233766233766235,200,156,44,75
55,LH_LimbicA_TempPole_4,LimbicA,left,0.65,0.35,0.625,0.65,0.6372549019607844,0.35,0.0016883116883116883,200,130,70,78
56,LH_ContA_Temp_1,ContA,left,0.86,0.14,0.7381974248927039,0.86,0.7944572748267897,0.14,0.0013203463203463205,200,172,28,61
57,LH_ContA_IPS_1,ContA,left,0.97,0.030000000000000027,0.9651741293532339,0.97,0.9675810473815462,0.03,0.00015151515151515152,200,194,6,7
58,LH_ContA_IPS_2,ContA,left,0.975,0.025000000000000022,0.9948979591836735,0.975,0.984848484848485,0.025,2.1645021645021645e-05,200,195,5,1
59,LH_ContA_IPS_3,ContA,left,0.955,0.04500000000000004,0.9009433962264151,0.955,0.9271844660194173,0.045,0.00045454545454545455,200,191,9,21
60,LH_ContA_PFCd_1,ContA,left,0.92,0.07999999999999996,0.8888888888888888,0.92,0.9041769041769042,0.08,0.0004978354978354978,200,184,16,23
61,LH_ContA_PFClv_1,ContA,left,0.825,0.17500000000000004,0.9428571428571428,0.825,0.88,0.175,0.00021645021645021645,200,165,35,10
62,LH_ContA_PFCl_1,ContA,left,0.9,0.09999999999999998,0.9782608695652174,0.9,0.9375,0.1,8.658008658008658e-05,200,180,20,4
63,LH_ContA_PFCl_2,ContA,left,0.82,0.18000000000000005,0.9479768786127167,0.82,0.8793565683646112,0.18,0.0001948051948051948,200,164,36,9
64,LH_ContA_PFCl_3,ContA,left,0.915,0.08499999999999996,0.7120622568093385,0.915,0.8008752735229759,0.085,0.0016017316017316017,200,183,17,74
65,LH_ContA_Cingm_1,ContA,left,0.76,0.24,0.8888888888888888,0.76,0.8194070080862534,0.24,0.00041125541125541126,200,152,48,19
66,LH_ContB_Temp_1,ContB,left,0.945,0.05500000000000005,0.9043062200956937,0.945,0.9242053789731052,0.055,0.0004329004329004329,200,189,11,20
67,LH_ContB_IPL_1,ContB,left,0.99,0.010000000000000009,0.9,0.99,0.9428571428571428,0.01,0.0004761904761904762,200,198,2,22
68,LH_ContB_PFCl_1,ContB,left,0.97,0.030000000000000027,0.9556650246305419,0.97,0.9627791563275433,0.03,0.0001948051948051948,200,194,6,9
69,LH_ContB_PFClv_1,ContB,left,0.98,0.020000000000000018,0.9423076923076923,0.98,0.9607843137254902,0.02,0.00025974025974025974,200,196,4,12
70,LH_ContB_PFClv_2,ContB,left,0.885,0.11499999999999999,0.9123711340206185,0.885,0.8984771573604061,0.115,0.00036796536796536797,200,177,23,17
71,LH_ContC_pCun_1,ContC,left,0.935,0.06499999999999995,1.0,0.935,0.9664082687338501,0.065,0.0,200,187,13,0
72,LH_ContC_pCun_2,ContC,left,0.97,0.030000000000000027,0.97,0.97,0.97,0.03,0.00012987012987012987,200,194,6,6
73,LH_ContC_Cingp_1,ContC,left,0.95,0.050000000000000044,0.9895833333333334,0.95,0.9693877551020408,0.05,4.329004329004329e-05,200,190,10,2
74,LH_DefaultA_IPL_1,DefaultA,left,0.955,0.04500000000000004,0.9845360824742269,0.955,0.9695431472081217,0.045,6.493506493506494e-05,200,191,9,3
75,LH_DefaultA_PFCd_1,DefaultA,left,0.94,0.06000000000000005,0.9842931937172775,0.94,0.9616368286445013,0.06,6.493506493506494e-05,200,188,12,3
76,LH_DefaultA_pCunPCC_1,DefaultA,left,0.965,0.03500000000000003,1.0,0.965,0.9821882951653944,0.035,0.0,200,193,7,0
77,LH_DefaultA_pCunPCC_2,DefaultA,left,0.95,0.050000000000000044,0.9844559585492227,0.95,0.9669211195928753,0.05,6.493506493506494e-05,200,190,10,3
78,LH_DefaultA_pCunPCC_3,DefaultA,left,0.925,0.07499999999999996,1.0,0.925,0.961038961038961,0.075,0.0,200,185,15,0
79,LH_DefaultA_PFCm_1,DefaultA,left,0.9,0.09999999999999998,0.9836065573770492,0.9,0.9399477806788511,0.1,6.493506493506494e-05,200,180,20,3
80,LH_DefaultA_PFCm_2,DefaultA,left,0.945,0.05500000000000005,0.9895287958115183,0.945,0.9667519181585678,0.055,4.329004329004329e-05,200,189,11,2
81,LH_DefaultA_PFCm_3,DefaultA,left,0.985,0.015000000000000013,1.0,0.985,0.9924433249370278,0.015,0.0,200,197,3,0
82,LH_DefaultB_Temp_1,DefaultB,left,0.865,0.135,0.9829545454545454,0.865,0.9202127659574468,0.135,6.493506493506494e-05,200,173,27,3
83,LH_DefaultB_Temp_2,DefaultB,left,0.875,0.125,0.875,0.875,0.875,0.125,0.0005411255411255411,200,175,25,25
84,LH_DefaultB_Temp_3,DefaultB,left,0.81,0.18999999999999995,0.9818181818181818,0.81,0.8876712328767123,0.19,6.493506493506494e-05,200,162,38,3
85,LH_DefaultB_Temp_4,DefaultB,left,0.895,0.10499999999999998,0.9728260869565217,0.895,0.9322916666666666,0.105,0.00010822510822510823,200,179,21,5
86,LH_DefaultB_IPL_1,DefaultB,left,0.915,0.08499999999999996,0.8672985781990521,0.915,0.8905109489051095,0.085,0.0006060606060606061,200,183,17,28
87,LH_DefaultB_PFCd_1,DefaultB,left,0.94,0.06000000000000005,1.0,0.94,0.9690721649484536,0.06,0.0,200,188,12,0
88,LH_DefaultB_PFCd_2,DefaultB,left,0.985,0.015000000000000013,0.985,0.985,0.985,0.015,6.493506493506494e-05,200,197,3,3
89,LH_DefaultB_PFCd_3,DefaultB,left,0.97,0.030000000000000027,0.9371980676328503,0.97,0.9533169533169534,0.03,0.0002813852813852814,200,194,6,13
90,LH_DefaultB_PFCd_4,DefaultB,left,0.97,0.030000000000000027,0.9748743718592965,0.97,0.9724310776942355,0.03,0.00010822510822510823,200,194,6,5
91,LH_DefaultB_PFCv_1,DefaultB,left,0.945,0.05500000000000005,0.9356435643564357,0.945,0.9402985074626865,0.055,0.0002813852813852814,200,189,11,13
92,LH_DefaultB_PFCv_2,DefaultB,left,0.78,0.21999999999999997,0.8342245989304813,0.78,0.806201550387597,0.22,0.000670995670995671,200,156,44,31
93,LH_DefaultB_PFCv_3,DefaultB,left,0.94,0.06000000000000005,0.9543147208121827,0.94,0.947103274559194,0.06,0.0001948051948051948,200,188,12,9
94,LH_DefaultB_PFCv_4,DefaultB,left,0.935,0.06499999999999995,0.9946808510638298,0.935,0.9639175257731958,0.065,2.1645021645021645e-05,200,187,13,1
95,LH_DefaultC_IPL_1,DefaultC,left,0.95,0.050000000000000044,0.9844559585492227,0.95,0.9669211195928753,0.05,6.493506493506494e-05,200,190,10,3
96,LH_DefaultC_Rsp_1,DefaultC,left,0.985,0.015000000000000013,1.0,0.985,0.9924433249370278,0.015,0.0,200,197,3,0
97,LH_DefaultC_PHC_1,DefaultC,left,0.945,0.05500000000000005,0.9043062200956937,0.945,0.9242053789731052,0.055,0.0004329004329004329,200,189,11,20
98,LH_TempPar_1,TempPar,left,0.81,0.18999999999999995,0.9101123595505618,0.81,0.8571428571428572,0.19,0.0003463203463203463,200,162,38,16
99,LH_TempPar_2,TempPar,left,0.8,0.19999999999999996,0.7207207207207207,0.8,0.7582938388625592,0.2,0.001341991341991342,200,160,40,62
100,RH_VisCent_ExStr_1,VisCent,right,0.99,0.010000000000000009,1.0,0.99,0.9949748743718593,0.01,0.0,200,198,2,0
101,RH_VisCent_ExStr_2,VisCent,right,0.91,0.08999999999999997,0.994535519125683,0.91,0.9503916449086162,0.09,2.1645021645021645e-05,200,182,18,1
102,RH_VisCent_Striate_1,VisCent,right,0.965,0.03500000000000003,0.9897435897435898,0.965,0.9772151898734178,0.035,4.329004329004329e-05,200,193,7,2
103,RH_VisCent_ExStr_3,VisCent,right,0.915,0.08499999999999996,0.9481865284974094,0.915,0.9312977099236642,0.085,0.00021645021645021645,200,183,17,10
104,RH_VisCent_ExStr_4,VisCent,right,0.945,0.05500000000000005,0.9692307692307692,0.945,0.9569620253164557,0.055,0.00012987012987012987,200,189,11,6
105,RH_VisCent_ExStr_5,VisCent,right,0.985,0.015000000000000013,1.0,0.985,0.9924433249370278,0.015,0.0,200,197,3,0
106,RH_VisPeri_ExStrInf_1,VisPeri,right,0.965,0.03500000000000003,0.9846938775510204,0.965,0.9747474747474748,0.035,6.493506493506494e-05,200,193,7,3
107,RH_VisPeri_ExStrInf_2,VisPeri,right,0.91,0.08999999999999997,0.978494623655914,0.91,0.9430051813471503,0.09,8.658008658008658e-05,200,182,18,4
108,RH_VisPeri_StriCal_1,VisPeri,right,0.98,0.020000000000000018,1.0,0.98,0.98989898989899,0.02,0.0,200,196,4,0
109,RH_VisPeri_ExStrSup_1,VisPeri,right,0.865,0.135,0.9774011299435028,0.865,0.9177718832891246,0.135,8.658008658008658e-05,200,173,27,4
110,RH_VisPeri_ExStrSup_2,VisPeri,right,0.965,0.03500000000000003,0.9897435897435898,0.965,0.9772151898734178,0.035,4.329004329004329e-05,200,193,7,2
111,RH_VisPeri_ExStrSup_3,VisPeri,right,0.945,0.05500000000000005,0.9593908629441624,0.945,0.9521410579345088,0.055,0.00017316017316017316,200,189,11,8
112,RH_SomMotA_1,SomMotA,right,0.98,0.020000000000000018,0.98,0.98,0.98,0.02,8.658008658008658e-05,200,196,4,4
113,RH_SomMotA_2,SomMotA,right,0.945,0.05500000000000005,0.945,0.945,0.945,0.055,0.0002380952380952381,200,189,11,11
114,RH_SomMotA_3,SomMotA,right,0.95,0.050000000000000044,0.9595959595959596,0.95,0.9547738693467336,0.05,0.00017316017316017316,200,190,10,8
115,RH_SomMotA_4,SomMotA,right,0.975,0.025000000000000022,0.9948979591836735,0.975,0.984848484848485,0.025,2.1645021645021645e-05,200,195,5,1
116,RH_SomMotA_5,SomMotA,right,0.96,0.040000000000000036,0.897196261682243,0.96,0.927536231884058,0.04,0.0004761904761904762,200,192,8,22
117,RH_SomMotA_6,SomMotA,right,1.0,0.0,0.9900990099009901,1.0,0.9950248756218906,0.0,4.329004329004329e-05,200,200,0,2
118,RH_SomMotA_7,SomMotA,right,0.94,0.06000000000000005,0.8867924528301887,0.94,0.912621359223301,0.06,0.0005194805194805195,200,188,12,24
119,RH_SomMotA_8,SomMotA,right,0.955,0.04500000000000004,0.9597989949748744,0.955,0.9573934837092732,0.045,0.00017316017316017316,200,191,9,8
120,RH_SomMotA_9,SomMotA,right,0.96,0.040000000000000036,0.9411764705882353,0.96,0.9504950495049505,0.04,0.00025974025974025974,200,192,8,12
121,RH_SomMotA_10,SomMotA,right,0.985,0.015000000000000013,0.9899497487437185,0.985,0.9874686716791979,0.015,4.329004329004329e-05,200,197,3,2
122,RH_SomMotA_11,SomMotA,right,0.935,0.06499999999999995,1.0,0.935,0.9664082687338501,0.065,0.0,200,187,13,0
123,RH_SomMotB_Aud_1,SomMotB,right,0.895,0.10499999999999998,0.9675675675675676,0.895,0.92987012987013,0.105,0.00012987012987012987,200,179,21,6
124,RH_SomMotB_Aud_2,SomMotB,right,0.885,0.11499999999999999,0.9619565217391305,0.885,0.921875,0.115,0.00015151515151515152,200,177,23,7
125,RH_SomMotB_S2_1,SomMotB,right,0.815,0.18500000000000005,0.9588235294117647,0.815,0.881081081081081,0.185,0.00015151515151515152,200,163,37,7
126,RH_SomMotB_S2_2,SomMotB,right,0.87,0.13,0.925531914893617,0.87,0.8969072164948454,0.13,0.00030303030303030303,200,174,26,14
127,RH_SomMotB_S2_3,SomMotB,right,0.855,0.14500000000000002,0.9884393063583815,0.855,0.9168900804289545,0.145,4.329004329004329e-05,200,171,29,2
128,RH_SomMotB_S2_4,SomMotB,right,0.92,0.07999999999999996,0.968421052631579,0.92,0.9435897435897437,0.08,0.00012987012987012987,200,184,16,6
129,RH_SomMotB_Cent_1,SomMotB,right,0.97,0.030000000000000027,1.0,0.97,0.9847715736040609,0.03,0.0,200,194,6,0
130,RH_DorsAttnA_TempOcc_1,DorsAttnA,right,0.97,0.030000000000000027,0.9948717948717949,0.97,0.9822784810126582,0.03,2.1645021645021645e-05,200,194,6,1
131,RH_DorsAttnA_ParOcc_1,DorsAttnA,right,0.905,0.09499999999999997,0.8227272727272728,0.905,0.861904761904762,0.095,0.0008441558441558442,200,181,19,39
132,RH_DorsAttnA_SPL_1,DorsAttnA,right,0.965,0.03500000000000003,0.9897435897435898,0.965,0.9772151898734178,0.035,4.329004329004329e-05,200,193,7,2
133,RH_DorsAttnA_SPL_2,DorsAttnA,right,0.965,0.03500000000000003,0.9747474747474747,0.965,0.9698492462311558,0.035,0.00010822510822510823,200,193,7,5
134,RH_DorsAttnA_SPL_3,DorsAttnA,right,0.87,0.13,0.9666666666666667,0.87,0.9157894736842105,0.13,0.00012987012987012987,200,174,26,6
135,RH_DorsAttnA_SPL_4,DorsAttnA,right,0.91,0.08999999999999997,0.9680851063829787,0.91,0.9381443298969071,0.09,0.00012987012987012987,200,182,18,6
136,RH_DorsAttnB_PostC_1,DorsAttnB,right,0.88,0.12,0.9723756906077348,0.88,0.9238845144356955,0.12,0.00010822510822510823,200,176,24,5
137,RH_DorsAttnB_PostC_2,DorsAttnB,right,0.965,0.03500000000000003,0.9846938775510204,0.965,0.9747474747474748,0.035,6.493506493506494e-05,200,193,7,3
138,RH_DorsAttnB_PostC_3,DorsAttnB,right,0.965,0.03500000000000003,0.9554455445544554,0.965,0.9601990049751244,0.035,0.0001948051948051948,200,193,7,9
139,RH_DorsAttnB_PostC_4,DorsAttnB,right,0.985,0.015000000000000013,0.9609756097560975,0.985,0.9728395061728395,0.015,0.00017316017316017316,200,197,3,8
140,RH_DorsAttnB_FEF_1,DorsAttnB,right,0.87,0.13,0.8743718592964824,0.87,0.8721804511278195,0.13,0.0005411255411255411,200,174,26,25
141,RH_SalVentAttnA_ParOper_1,SalVentAttnA,right,0.94,0.06000000000000005,0.9690721649484536,0.94,0.9543147208121826,0.06,0.00012987012987012987,200,188,12,6
142,RH_SalVentAttnA_PrC_1,SalVentAttnA,right,0.585,0.41500000000000004,0.7647058823529411,0.585,0.6628895184135977,0.415,0.0007792207792207792,200,117,83,36
143,RH_SalVentAttnA_Ins_1,SalVentAttnA,right,0.755,0.245,0.6398305084745762,0.755,0.6926605504587156,0.245,0.00183982683982684,200,151,49,85
144,RH_SalVentAttnA_Ins_2,SalVentAttnA,right,0.855,0.14500000000000002,0.8814432989690721,0.855,0.8680203045685279,0.145,0.0004978354978354978,200,171,29,23
145,RH_SalVentAttnA_FrOper_1,SalVentAttnA,right,0.915,0.08499999999999996,0.9945652173913043,0.915,0.953125,0.085,2.1645021645021645e-05,200,183,17,1
146,RH_SalVentAttnA_FrMed_1,SalVentAttnA,right,0.965,0.03500000000000003,0.9698492462311558,0.965,0.9674185463659147,0.035,0.00012987012987012987,200,193,7,6
147,RH_SalVentAttnA_ParMed_1,SalVentAttnA,right,0.845,0.15500000000000003,0.728448275862069,0.845,0.7824074074074074,0.155,0.0013636363636363637,200,169,31,63
148,RH_SalVentAttnA_ParMed_2,SalVentAttnA,right,0.96,0.040000000000000036,0.9552238805970149,0.96,0.9576059850374063,0.04,0.0001948051948051948,200,192,8,9
149,RH_SalVentAttnA_FrMed_2,SalVentAttnA,right,0.92,0.07999999999999996,0.9633507853403142,0.92,0.9411764705882353,0.08,0.00015151515151515152,200,184,16,7
150,RH_SalVentAttnB_IPL_1,SalVentAttnB,right,0.925,0.07499999999999996,0.9487179487179487,0.925,0.9367088607594937,0.075,0.00021645021645021645,200,185,15,10
151,RH_SalVentAttnB_PFClv_1,SalVentAttnB,right,0.915,0.08499999999999996,0.9336734693877551,0.915,0.9242424242424242,0.085,0.0002813852813852814,200,183,17,13
152,RH_SalVentAttnB_PFCl_1,SalVentAttnB,right,0.94,0.06000000000000005,0.912621359223301,0.94,0.9261083743842364,0.06,0.0003896103896103896,200,188,12,18
153,RH_SalVentAttnB_Ins_1,SalVentAttnB,right,0.945,0.05500000000000005,0.8362831858407079,0.945,0.8873239436619718,0.055,0.0008008658008658009,200,189,11,37
154,RH_SalVentAttnB_Ins_2,SalVentAttnB,right,0.935,0.06499999999999995,0.9790575916230366,0.935,0.9565217391304348,0.065,8.658008658008658e-05,200,187,13,4
155,RH_SalVentAttnB_PFCmp_1,SalVentAttnB,right,0.93,0.06999999999999995,0.9789473684210527,0.93,0.9538461538461539,0.07,8.658008658008658e-05,200,186,14,4
156,RH_LimbicB_OFC_1,LimbicB,right,0.925,0.07499999999999996,0.8564814814814815,0.925,0.889423076923077,0.075,0.000670995670995671,200,185,15,31
157,RH_LimbicB_OFC_2,LimbicB,right,0.96,0.040000000000000036,0.9056603773584906,0.96,0.9320388349514563,0.04,0.0004329004329004329,200,192,8,20
158,RH_LimbicB_OFC_3,LimbicB,right,0.93,0.06999999999999995,0.9893617021276596,0.93,0.9587628865979382,0.07,4.329004329004329e-05,200,186,14,2
159,RH_LimbicB_OFC_4,LimbicB,right,0.92,0.07999999999999996,0.9484536082474226,0.92,0.9340101522842639,0.08,0.00021645021645021645,200,184,16,10
160,RH_LimbicA_TempPole_1,LimbicA,right,0.86,0.14,0.7747747747747747,0.86,0.8151658767772512,0.14,0.0010822510822510823,200,172,28,50
161,RH_LimbicA_TempPole_2,LimbicA,right,0.695,0.30500000000000005,0.6525821596244131,0.695,0.6731234866828086,0.305,0.0016017316017316017,200,139,61,74
162,RH_LimbicA_TempPole_3,LimbicA,right,0.755,0.245,0.6593886462882096,0.755,0.703962703962704,0.245,0.0016883116883116883,200,151,49,78
163,RH_LimbicA_TempPole_4,LimbicA,right,0.895,0.10499999999999998,0.9179487179487179,0.895,0.9063291139240507,0.105,0.0003463203463203463,200,179,21,16
164,RH_ContA_IPS_1,ContA,right,0.98,0.020000000000000018,0.9607843137254902,0.98,0.9702970297029702,0.02,0.00017316017316017316,200,196,4,8
165,RH_ContA_IPS_2,ContA,right,0.96,0.040000000000000036,0.9896907216494846,0.96,0.9746192893401014,0.04,4.329004329004329e-05,200,192,8,2
166,RH_ContA_PFCd_1,ContA,right,0.895,0.10499999999999998,0.9226804123711341,0.895,0.9086294416243655,0.105,0.0003246753246753247,200,179,21,15
167,RH_ContA_PFCl_1,ContA,right,0.755,0.245,0.9617834394904459,0.755,0.8459383753501402,0.245,0.00012987012987012987,200,151,49,6
168,RH_ContA_PFCl_2,ContA,right,0.95,0.050000000000000044,0.9223300970873787,0.95,0.9359605911330049,0.05,0.0003463203463203463,200,190,10,16
169,RH_ContA_Cingm_1,ContA,right,0.795,0.20499999999999996,0.8641304347826086,0.795,0.8281249999999999,0.205,0.0005411255411255411,200,159,41,25
170,RH_ContB_Temp_1,ContB,right,0.915,0.08499999999999996,0.9891891891891892,0.915,0.9506493506493506,0.085,4.329004329004329e-05,200,183,17,2
171,RH_ContB_Temp_2,ContB,right,0.93,0.06999999999999995,0.93,0.93,0.93,0.07,0.00030303030303030303,200,186,14,14
172,RH_ContB_IPL_1,ContB,right,0.965,0.03500000000000003,0.9897435897435898,0.965,0.9772151898734178,0.035,4.329004329004329e-05,200,193,7,2
173,RH_ContB_IPL_2,ContB,right,0.975,0.025000000000000022,0.9558823529411765,0.975,0.9653465346534653,0.025,0.0001948051948051948,200,195,5,9
174,RH_ContB_PFCld_1,ContB,right,0.81,0.18999999999999995,0.8350515463917526,0.81,0.8223350253807107,0.19,0.0006926406926406926,200,162,38,32
175,RH_ContB_PFCld_2,ContB,right,0.97,0.030000000000000027,0.9371980676328503,0.97,0.9533169533169534,0.03,0.0002813852813852814,200,194,6,13
176,RH_ContB_PFClv_1,ContB,right,0.965,0.03500000000000003,0.9146919431279621,0.965,0.9391727493917275,0.035,0.0003896103896103896,200,193,7,18
177,RH_ContB_PFClv_2,ContB,right,0.93,0.06999999999999995,0.9253731343283582,0.93,0.9276807980049875,0.07,0.0003246753246753247,200,186,14,15
178,RH_ContB_PFCmp_1,ContB,right,0.985,0.015000000000000013,0.9036697247706422,0.985,0.9425837320574162,0.015,0.00045454545454545455,200,197,3,21
179,RH_ContB_PFCld_3,ContB,right,0.93,0.06999999999999995,1.0,0.93,0.9637305699481865,0.07,0.0,200,186,14,0
180,RH_ContC_pCun_1,ContC,right,0.945,0.05500000000000005,0.9947368421052631,0.945,0.9692307692307691,0.055,2.1645021645021645e-05,200,189,11,1
181,RH_ContC_pCun_2,ContC,right,0.855,0.14500000000000002,0.9827586206896551,0.855,0.9144385026737968,0.145,6.493506493506494e-05,200,171,29,3
182,RH_ContC_Cingp_1,ContC,right,0.93,0.06999999999999995,0.9893617021276596,0.93,0.9587628865979382,0.07,4.329004329004329e-05,200,186,14,2
183,RH_DefaultA_IPL_1,DefaultA,right,0.945,0.05500000000000005,0.9130434782608695,0.945,0.9287469287469287,0.055,0.0003896103896103896,200,189,11,18
184,RH_DefaultA_PFCd_1,DefaultA,right,0.855,0.14500000000000002,0.9095744680851063,0.855,0.8814432989690721,0.145,0.00036796536796536797,200,171,29,17
185,RH_DefaultA_pCunPCC_1,DefaultA,right,0.955,0.04500000000000004,0.9947916666666666,0.955,0.9744897959183673,0.045,2.1645021645021645e-05,200,191,9,1
186,RH_DefaultA_PFCm_1,DefaultA,right,0.93,0.06999999999999995,0.9738219895287958,0.93,0.9514066496163682,0.07,0.00010822510822510823,200,186,14,5
187,RH_DefaultA_PFCm_2,DefaultA,right,0.755,0.245,0.5033333333333333,0.755,0.604,0.245,0.003225108225108225,200,151,49,149
188,RH_DefaultA_PFCm_3,DefaultA,right,0.965,0.03500000000000003,1.0,0.965,0.9821882951653944,0.035,0.0,200,193,7,0
189,RH_DefaultB_Temp_1,DefaultB,right,0.93,0.06999999999999995,0.916256157635468,0.93,0.923076923076923,0.07,0.00036796536796536797,200,186,14,17
190,RH_DefaultB_AntTemp_1,DefaultB,right,0.835,0.16500000000000004,0.9881656804733728,0.835,0.9051490514905149,0.165,4.329004329004329e-05,200,167,33,2
191,RH_DefaultB_PFCd_1,DefaultB,right,0.96,0.040000000000000036,0.964824120603015,0.96,0.9624060150375939,0.04,0.00015151515151515152,200,192,8,7
192,RH_DefaultB_PFCv_1,DefaultB,right,0.97,0.030000000000000027,0.9847715736040609,0.97,0.9773299748110831,0.03,6.493506493506494e-05,200,194,6,3
193,RH_DefaultC_IPL_1,DefaultC,right,0.885,0.11499999999999999,0.9619565217391305,0.885,0.921875,0.115,0.00015151515151515152,200,177,23,7
194,RH_DefaultC_Rsp_1,DefaultC,right,0.975,0.025000000000000022,1.0,0.975,0.9873417721518987,0.025,0.0,200,195,5,0
195,RH_DefaultC_PHC_1,DefaultC,right,0.94,0.06000000000000005,0.9641025641025641,0.94,0.9518987341772152,0.06,0.00015151515151515152,200,188,12,7
196,RH_TempPar_1,TempPar,right,0.86,0.14,0.9297297297297298,0.86,0.8935064935064935,0.14,0.0002813852813852814,200,172,28,13
197,RH_TempPar_2,TempPar,right,0.835,0.16500000000000004,0.893048128342246,0.835,0.8630490956072352,0.165,0.0004329004329004329,200,167,33,20
198,RH_TempPar_3,TempPar,right,0.885,0.11499999999999999,0.8309859154929577,0.885,0.8571428571428572,0.115,0.0007792207792207792,200,177,23,36
199,RH_TempPar_4,TempPar,right,0.88,0.12,0.8110599078341014,0.88,0.8441247002398082,0.12,0.0008874458874458874,200,176,24,41
200,aHIP-rh,Hippocampus_ant,right,0.84,0.16000000000000003,0.9491525423728814,0.84,0.8912466843501327,0.16,0.0001948051948051948,200,168,32,9
201,pHIP-rh,Hippocampus_post,right,0.68,0.31999999999999995,0.591304347826087,0.68,0.6325581395348838,0.32,0.002034632034632035,200,136,64,94
202,lAMY-rh,Amygdala_lat,right,0.635,0.365,0.46691176470588236,0.635,0.538135593220339,0.365,0.0031385281385281384,200,127,73,145
203,mAMY-rh,Amygdala_med,right,0.8,0.19999999999999996,0.8333333333333334,0.8,0.816326530612245,0.2,0.0006926406926406926,200,160,40,32
204,THA-DP-rh,Thalamus_DP,right,0.68,0.31999999999999995,0.47719298245614034,0.68,0.5608247422680412,0.32,0.003225108225108225,200,136,64,149
205,THA-VP-rh,Thalamus_VP,right,0.68,0.31999999999999995,0.6766169154228856,0.68,0.6783042394014963,0.32,0.001406926406926407,200,136,64,65
206,THA-VA-rh,Thalamus_VA,right,0.82,0.18000000000000005,0.9647058823529412,0.82,0.8864864864864864,0.18,0.00012987012987012987,200,164,36,6
207,THA-DA-rh,Thalamus_DA,right,0.845,0.15500000000000003,0.8325123152709359,0.845,0.8387096774193549,0.155,0.0007359307359307359,200,169,31,34
208,NAc-shell-rh,Accumbens_shell,right,0.69,0.31000000000000005,0.6666666666666666,0.69,0.6781326781326782,0.31,0.0014935064935064936,200,138,62,69
209,NAc-core-rh,Accumbens_core,right,0.845,0.15500000000000003,0.8164251207729468,0.845,0.8304668304668306,0.155,0.0008225108225108225,200,169,31,38
210,pGP-rh,Pallidum_post,right,0.465,0.5349999999999999,0.26571428571428574,0.465,0.3381818181818182,0.535,0.005562770562770563,200,93,107,257
211,aGP-rh,Pallidum_ant,right,0.265,0.735,0.2,0.265,0.22795698924731184,0.735,0.004588744588744589,200,53,147,212
212,aPUT-rh,Putamen_ant,right,0.9,0.09999999999999998,0.9782608695652174,0.9,0.9375,0.1,8.658008658008658e-05,200,180,20,4
213,pPUT-rh,Putamen_post,right,0.815,0.18500000000000005,0.8907103825136612,0.815,0.8511749347258486,0.185,0.0004329004329004329,200,163,37,20
214,aCAU-rh,Caudate_ant,right,0.965,0.03500000000000003,0.9554455445544554,0.965,0.9601990049751244,0.035,0.0001948051948051948,200,193,7,9
215,pCAU-rh,Caudate_post,right,0.875,0.125,0.9562841530054644,0.875,0.9138381201044387,0.125,0.00017316017316017316,200,175,25,8
216,aHIP-lh,Hippocampus_ant,left,0.84,0.16000000000000003,0.8235294117647058,0.84,0.8316831683168315,0.16,0.0007792207792207792,200,168,32,36
217,pHIP-lh,Hippocampus_post,left,0.685,0.31499999999999995,0.6008771929824561,0.685,0.6401869158878505,0.315,0.00196969696969697,200,137,63,91
218,lAMY-lh,Amygdala_lat,left,0.77,0.22999999999999998,0.6754385964912281,0.77,0.719626168224299,0.23,0.0016017316017316017,200,154,46,74
219,mAMY-lh,Amygdala_med,left,0.825,0.17500000000000004,0.7819905213270142,0.825,0.802919708029197,0.175,0.0009956709956709957,200,165,35,46
220,THA-DP-lh,Thalamus_DP,left,0.77,0.22999999999999998,0.6363636363636364,0.77,0.6968325791855204,0.23,0.0019047619047619048,200,154,46,88
221,THA-VP-lh,Thalamus_VP,left,0.725,0.275,0.7038834951456311,0.725,0.7142857142857142,0.275,0.0013203463203463205,200,145,55,61
222,THA-VA-lh,Thalamus_VA,left,0.85,0.15000000000000002,0.9659090909090909,0.85,0.9042553191489362,0.15,0.00012987012987012987,200,170,30,6
223,THA-DA-lh,Thalamus_DA,left,0.83,0.17000000000000004,0.907103825136612,0.83,0.8668407310704961,0.17,0.00036796536796536797,200,166,34,17
224,NAc-shell-lh,Accumbens_shell,left,0.74,0.26,0.7081339712918661,0.74,0.7237163814180929,0.26,0.0013203463203463205,200,148,52,61
225,NAc-core-lh,Accumbens_core,left,0.78,0.21999999999999997,0.7464114832535885,0.78,0.7628361858190709,0.22,0.0011471861471861473,200,156,44,53
226,pGP-lh,Pallidum_post,left,0.415,0.585,0.3346774193548387,0.415,0.3705357142857143,0.585,0.0035714285714285713,200,83,117,165
227,aGP-lh,Pallidum_ant,left,0.24,0.76,0.1708185053380783,0.24,0.19958419958419957,0.76,0.005043290043290043,200,48,152,233
228,aPUT-lh,Putamen_ant,left,0.895,0.10499999999999998,0.9781420765027322,0.895,0.9347258485639686,0.105,8.658008658008658e-05,200,179,21,4
229,pPUT-lh,Putamen_post,left,0.78,0.21999999999999997,0.9176470588235294,0.78,0.8432432432432432,0.22,0.00030303030303030303,200,156,44,14
230,aCAU-lh,Caudate_ant,left,0.91,0.08999999999999997,0.9381443298969072,0.91,0.9238578680203046,0.09,0.00025974025974025974,200,182,18,12
231,pCAU-lh,Caudate_post,left,0.895,0.10499999999999998,0.9226804123711341,0.895,0.9086294416243655,0.105,0.0003246753246753247,200,179,21,15
