region_idx,region_name,network,hemisphere,cv_error_rate,task_error_rate,error_increase,relative_increase_pct
0,LH_VisCent_ExStr_2,VisCent,left,0.0580357142857143,0.10499999999999998,0.04696428571428568,80.92307678364016
1,LH_VisCent_ExStr_1,VisCent,left,0.022321428571428603,0.025000000000000022,0.002678571428571419,11.999999946239939
2,LH_VisCent_Striate_1,VisCent,left,0.004464285714285698,0.020000000000000018,0.01553571428571432,347.9999922048022
3,LH_VisCent_ExStr_3,VisCent,left,0.03125,0.06000000000000005,0.028750000000000053,91.99999970560016
4,LH_VisCent_ExStr_4,VisCent,left,0.017857142857142905,0.020000000000000018,0.002142857142857113,11.9999999327998
5,LH_VisCent_ExStr_5,VisCent,left,0.013392857142857095,0.010000000000000009,-0.0033928571428570864,-25.333333144177452
6,LH_VisPeri_ExStrInf_1,VisPeri,left,0.03125,0.05500000000000005,0.02375000000000005,75.99999975680015
7,LH_VisPeri_ExStrInf_2,VisPeri,left,0.0401785714285714,0.06999999999999995,0.029821428571428554,74.22222203749136
8,LH_VisPeri_ExStrInf_3,VisPeri,left,0.1517857142857143,0.22499999999999998,0.07321428571428568,48.23529408586848
9,LH_VisPeri_StriCal_1,VisPeri,left,0.0,0.015000000000000013,0.015000000000000013,15000000000.000011
10,LH_VisPeri_ExStrSup_1,VisPeri,left,0.0357142857142857,0.050000000000000044,0.014285714285714346,39.99999988800019
11,LH_VisPeri_ExStrSup_2,VisPeri,left,0.004464285714285698,0.010000000000000009,0.0055357142857143105,123.99999722240108
12,LH_SomMotA_1,SomMotA,left,0.0625,0.06499999999999995,0.0024999999999999467,3.9999999935999146
13,LH_SomMotA_2,SomMotA,left,0.0535714285714286,0.04500000000000004,-0.008571428571428563,-15.999999970133308
14,LH_SomMotA_3,SomMotA,left,0.0267857142857143,0.08999999999999997,0.06321428571428567,235.99999911893298
15,LH_SomMotA_4,SomMotA,left,0.0401785714285714,0.010000000000000009,-0.030178571428571388,-75.11111092416786
16,LH_SomMotA_5,SomMotA,left,0.017857142857142905,0.03500000000000003,0.017142857142857126,95.99999946239964
17,LH_SomMotA_6,SomMotA,left,0.0401785714285714,0.03500000000000003,-0.005178571428571366,-12.88888885680973
18,LH_SomMotA_7,SomMotA,left,0.017857142857142905,0.010000000000000009,-0.007857142857142896,-43.9999997536001
19,LH_SomMotA_8,SomMotA,left,0.0357142857142857,0.04500000000000004,0.009285714285714342,25.999999927200168
20,LH_SomMotB_Aud_1,SomMotB,left,0.0625,0.15000000000000002,0.08750000000000002,139.99999977600004
21,LH_SomMotB_Aud_2,SomMotB,left,0.017857142857142905,0.06999999999999995,0.052142857142857046,291.99999836479867
22,LH_SomMotB_S2_1,SomMotB,left,0.0758928571428571,0.18999999999999995,0.11410714285714285,150.3529409783586
23,LH_SomMotB_S2_2,SomMotB,left,0.008928571428571397,0.06499999999999995,0.05607142857142855,627.999992966402
24,LH_SomMotB_Aud_3,SomMotB,left,0.0580357142857143,0.18999999999999995,0.13196428571428565,227.384614992814
25,LH_SomMotB_S2_3,SomMotB,left,0.03125,0.07499999999999996,0.043749999999999956,139.99999955199985
26,LH_SomMotB_Cent_1,SomMotB,left,0.008928571428571397,0.03500000000000003,0.026071428571428634,291.9999967296018
27,LH_SomMotB_Cent_2,SomMotB,left,0.049107142857142905,0.10999999999999999,0.06089285714285708,123.99999974749065
28,LH_DorsAttnA_TempOcc_1,DorsAttnA,left,0.0535714285714286,0.03500000000000003,-0.018571428571428572,-34.666666601955534
29,LH_DorsAttnA_TempOcc_2,DorsAttnA,left,0.049107142857142905,0.050000000000000044,0.0008928571428571397,1.8181818144793305
30,LH_DorsAttnA_ParOcc_1,DorsAttnA,left,0.1160714285714286,0.09999999999999998,-0.016071428571428625,-13.846153834224895
31,LH_DorsAttnA_SPL_1,DorsAttnA,left,0.0625,0.030000000000000027,-0.03249999999999997,-51.999999916799965
32,LH_DorsAttnA_SPL_2,DorsAttnA,left,0.044642857142857095,0.040000000000000036,-0.00464285714285706,-10.399999976703825
33,LH_DorsAttnA_SPL_3,DorsAttnA,left,0.0803571428571429,0.11499999999999999,0.034642857142857086,43.111111057461635
34,LH_DorsAttnB_PostC_1,DorsAttnB,left,0.03125,0.010000000000000009,-0.02124999999999999,-67.99999978239997
35,LH_DorsAttnB_PostC_2,DorsAttnB,left,0.049107142857142905,0.015000000000000013,-0.03410714285714289,-69.45454531311074
36,LH_DorsAttnB_PostC_3,DorsAttnB,left,0.0758928571428571,0.040000000000000036,-0.03589285714285706,-47.29411758474179
37,LH_DorsAttnB_PostC_4,DorsAttnB,left,0.049107142857142905,0.015000000000000013,-0.03410714285714289,-69.45454531311074
38,LH_DorsAttnB_FEF_1,DorsAttnB,left,0.1026785714285714,0.125,0.022321428571428603,21.739130413610624
39,LH_SalVentAttnA_ParOper_1,SalVentAttnA,left,0.022321428571428603,0.03500000000000003,0.012678571428571428,56.799999745535914
40,LH_SalVentAttnA_Ins_1,SalVentAttnA,left,0.09375,0.15000000000000002,0.05625000000000002,59.99999993600002
41,LH_SalVentAttnA_FrOper_1,SalVentAttnA,left,0.0625,0.14,0.07750000000000001,123.99999980160004
42,LH_SalVentAttnA_FrOper_2,SalVentAttnA,left,0.0625,0.125,0.0625,99.99999984000002
43,LH_SalVentAttnA_ParMed_1,SalVentAttnA,left,0.0401785714285714,0.010000000000000009,-0.030178571428571388,-75.11111092416786
44,LH_SalVentAttnA_FrMed_1,SalVentAttnA,left,0.008928571428571397,0.03500000000000003,0.026071428571428634,291.9999967296018
45,LH_SalVentAttnA_FrMed_2,SalVentAttnA,left,0.0401785714285714,0.06000000000000005,0.019821428571428656,49.333333210548396
46,LH_SalVentAttnB_IPL_1,SalVentAttnB,left,0.0892857142857143,0.07999999999999996,-0.009285714285714342,-10.39999998835206
47,LH_SalVentAttnB_PFCl_1,SalVentAttnB,left,0.0714285714285714,0.15500000000000003,0.08357142857142863,116.99999983620015
48,LH_SalVentAttnB_Ins_1,SalVentAttnB,left,0.0535714285714286,0.11499999999999999,0.06142857142857139,114.66666645262207
49,LH_SalVentAttnB_PFCmp_1,SalVentAttnB,left,0.0357142857142857,0.03500000000000003,-0.0007142857142856673,-1.9999999943998692
50,LH_LimbicB_OFC_1,LimbicB,left,0.1875,0.235,0.04749999999999999,25.333333319822216
51,LH_LimbicB_OFC_2,LimbicB,left,0.0580357142857143,0.04500000000000004,-0.013035714285714262,-22.461538422835456
52,LH_LimbicA_TempPole_1,LimbicA,left,0.1205357142857143,0.135,0.014464285714285707,11.999999990044438
53,LH_LimbicA_TempPole_2,LimbicA,left,0.1919642857142857,0.18999999999999995,-0.0019642857142857517,-1.023255813420463
54,LH_LimbicA_TempPole_3,LimbicA,left,0.1875,0.21999999999999997,0.03249999999999997,17.333333324088873
55,LH_LimbicA_TempPole_4,LimbicA,left,0.3080357142857143,0.35,0.041964285714285676,13.623188401374486
56,LH_ContA_Temp_1,ContA,left,0.1294642857142857,0.14,0.010535714285714315,8.137931028196931
57,LH_ContA_IPS_1,ContA,left,0.044642857142857095,0.030000000000000027,-0.014642857142857069,-32.79999992652787
58,LH_ContA_IPS_2,ContA,left,0.0535714285714286,0.025000000000000022,-0.02857142857142858,-53.33333323377776
59,LH_ContA_IPS_3,ContA,left,0.0625,0.04500000000000004,-0.01749999999999996,-27.99999995519994
60,LH_ContA_PFCd_1,ContA,left,0.0758928571428571,0.07999999999999996,0.004107142857142865,5.411764698751571
61,LH_ContA_PFClv_1,ContA,left,0.0625,0.17500000000000004,0.11250000000000004,179.9999997120001
62,LH_ContA_PFCl_1,ContA,left,0.0357142857142857,0.09999999999999998,0.06428571428571428,179.99999949600004
63,LH_ContA_PFCl_2,ContA,left,0.0803571428571429,0.18000000000000005,0.09964285714285714,123.99999984568883
64,LH_ContA_PFCl_3,ContA,left,0.125,0.08499999999999996,-0.040000000000000036,-31.99999997440003
65,LH_ContA_Cingm_1,ContA,left,0.0803571428571429,0.24,0.1596428571428571,198.66666641943686
66,LH_ContB_Temp_1,ContB,left,0.0803571428571429,0.05500000000000005,-0.025357142857142856,-31.555555516286404
67,LH_ContB_IPL_1,ContB,left,0.0535714285714286,0.010000000000000009,-0.043571428571428594,-81.33333318151111
68,LH_ContB_PFCl_1,ContB,left,0.0357142857142857,0.030000000000000027,-0.005714285714285672,-15.999999955199886
69,LH_ContB_PFClv_1,ContB,left,0.0803571428571429,0.020000000000000018,-0.06035714285714289,-75.11111101763952
70,LH_ContB_PFClv_2,ContB,left,0.0892857142857143,0.11499999999999999,0.02571428571428569,28.799999967743968
71,LH_ContC_pCun_1,ContC,left,0.0,0.06499999999999995,0.06499999999999995,64999999999.99994
72,LH_ContC_pCun_2,ContC,left,0.0267857142857143,0.030000000000000027,0.003214285714285725,11.999999955200034
73,LH_ContC_Cingp_1,ContC,left,0.013392857142857095,0.050000000000000044,0.03660714285714295,273.33333129244613
74,LH_DefaultA_IPL_1,DefaultA,left,0.0357142857142857,0.04500000000000004,0.009285714285714342,25.999999927200168
75,LH_DefaultA_PFCd_1,DefaultA,left,0.0401785714285714,0.06000000000000005,0.019821428571428656,49.333333210548396
76,LH_DefaultA_pCunPCC_1,DefaultA,left,0.013392857142857095,0.03500000000000003,0.021607142857142936,161.33333212871227
77,LH_DefaultA_pCunPCC_2,DefaultA,left,0.03125,0.050000000000000044,0.018750000000000044,59.99999980800014
78,LH_DefaultA_pCunPCC_3,DefaultA,left,0.0267857142857143,0.07499999999999996,0.048214285714285654,179.99999932799966
79,LH_DefaultA_PFCm_1,DefaultA,left,0.0625,0.09999999999999998,0.03749999999999998,59.99999990399997
80,LH_DefaultA_PFCm_2,DefaultA,left,0.049107142857142905,0.05500000000000005,0.005892857142857144,11.999999975563627
81,LH_DefaultA_PFCm_3,DefaultA,left,0.017857142857142905,0.015000000000000013,-0.0028571428571428914,-15.999999910400147
82,LH_DefaultB_Temp_1,DefaultB,left,0.0625,0.135,0.07250000000000001,115.99999981440004
83,LH_DefaultB_Temp_2,DefaultB,left,0.125,0.125,0.0,0.0
84,LH_DefaultB_Temp_3,DefaultB,left,0.0669642857142857,0.18999999999999995,0.12303571428571425,183.73333305895824
85,LH_DefaultB_Temp_4,DefaultB,left,0.044642857142857095,0.10499999999999998,0.06035714285714289,135.1999996971522
86,LH_DefaultB_IPL_1,DefaultB,left,0.1294642857142857,0.08499999999999996,-0.044464285714285734,-34.3448275596785
87,LH_DefaultB_PFCd_1,DefaultB,left,0.013392857142857095,0.06000000000000005,0.04660714285714296,347.999997401602
88,LH_DefaultB_PFCd_2,DefaultB,left,0.017857142857142905,0.015000000000000013,-0.0028571428571428914,-15.999999910400147
89,LH_DefaultB_PFCd_3,DefaultB,left,0.0535714285714286,0.030000000000000027,-0.023571428571428577,-43.99999991786665
90,LH_DefaultB_PFCd_4,DefaultB,left,0.044642857142857095,0.030000000000000027,-0.014642857142857069,-32.79999992652787
91,LH_DefaultB_PFCv_1,DefaultB,left,0.0758928571428571,0.05500000000000005,-0.020892857142857046,-27.529411728431725
92,LH_DefaultB_PFCv_2,DefaultB,left,0.1473214285714286,0.21999999999999997,0.07267857142857137,49.33333329984641
93,LH_DefaultB_PFCv_3,DefaultB,left,0.044642857142857095,0.06000000000000005,0.015357142857142958,34.39999992294426
94,LH_DefaultB_PFCv_4,DefaultB,left,0.0401785714285714,0.06499999999999995,0.02482142857142855,61.77777762401975
95,LH_DefaultC_IPL_1,DefaultC,left,0.044642857142857095,0.050000000000000044,0.005357142857142949,11.99999997312022
96,LH_DefaultC_Rsp_1,DefaultC,left,0.008928571428571397,0.015000000000000013,0.0060714285714286165,67.99999923840076
97,LH_DefaultC_PHC_1,DefaultC,left,0.049107142857142905,0.05500000000000005,0.005892857142857144,11.999999975563627
98,LH_TempPar_1,TempPar,left,0.1026785714285714,0.18999999999999995,0.08732142857142855,85.04347817804462
99,LH_TempPar_2,TempPar,left,0.1517857142857143,0.19999999999999996,0.048214285714285654,31.76470586142556
100,RH_VisCent_ExStr_1,VisCent,right,0.017857142857142905,0.010000000000000009,-0.007857142857142896,-43.9999997536001
101,RH_VisCent_ExStr_2,VisCent,right,0.0714285714285714,0.08999999999999997,0.018571428571428572,25.99999996360001
102,RH_VisCent_Striate_1,VisCent,right,0.008928571428571397,0.03500000000000003,0.026071428571428634,291.9999967296018
103,RH_VisCent_ExStr_3,VisCent,right,0.0669642857142857,0.08499999999999996,0.018035714285714266,26.933333293112867
104,RH_VisCent_ExStr_4,VisCent,right,0.0267857142857143,0.05500000000000005,0.028214285714285747,105.33333294008895
105,RH_VisCent_ExStr_5,VisCent,right,0.013392857142857095,0.015000000000000013,0.001607142857142918,11.999999910400499
106,RH_VisPeri_ExStrInf_1,VisPeri,right,0.013392857142857095,0.03500000000000003,0.021607142857142936,161.33333212871227
107,RH_VisPeri_ExStrInf_2,VisPeri,right,0.03125,0.08999999999999997,0.05874999999999997,187.9999993983999
108,RH_VisPeri_StriCal_1,VisPeri,right,0.004464285714285698,0.020000000000000018,0.01553571428571432,347.9999922048022
109,RH_VisPeri_ExStrSup_1,VisPeri,right,0.03125,0.135,0.10375000000000001,331.9999989376
110,RH_VisPeri_ExStrSup_2,VisPeri,right,0.013392857142857095,0.03500000000000003,0.021607142857142936,161.33333212871227
111,RH_VisPeri_ExStrSup_3,VisPeri,right,0.03125,0.05500000000000005,0.02375000000000005,75.99999975680015
112,RH_SomMotA_1,SomMotA,right,0.049107142857142905,0.020000000000000018,-0.029107142857142887,-59.27272715202645
113,RH_SomMotA_2,SomMotA,right,0.0401785714285714,0.05500000000000005,0.014821428571428652,36.888888797076774
114,RH_SomMotA_3,SomMotA,right,0.0714285714285714,0.050000000000000044,-0.021428571428571352,-29.999999957999908
115,RH_SomMotA_4,SomMotA,right,0.0401785714285714,0.025000000000000022,-0.015178571428571375,-37.77777768375298
116,RH_SomMotA_5,SomMotA,right,0.0669642857142857,0.040000000000000036,-0.026964285714285663,-40.26666660653505
117,RH_SomMotA_6,SomMotA,right,0.0357142857142857,0.0,-0.0357142857142857,-99.99999972
118,RH_SomMotA_7,SomMotA,right,0.044642857142857095,0.06000000000000005,0.015357142857142958,34.39999992294426
119,RH_SomMotA_8,SomMotA,right,0.0580357142857143,0.04500000000000004,-0.013035714285714262,-22.461538422835456
120,RH_SomMotA_9,SomMotA,right,0.049107142857142905,0.040000000000000036,-0.00910714285714287,-18.545454507689264
121,RH_SomMotA_10,SomMotA,right,0.0267857142857143,0.015000000000000013,-0.011785714285714288,-43.99999983573332
122,RH_SomMotA_11,SomMotA,right,0.03125,0.06499999999999995,0.03374999999999995,107.99999965439983
123,RH_SomMotB_Aud_1,SomMotB,right,0.0535714285714286,0.10499999999999998,0.05142857142857138,95.99999982079986
124,RH_SomMotB_Aud_2,SomMotB,right,0.0669642857142857,0.11499999999999999,0.04803571428571429,71.7333332262116
125,RH_SomMotB_S2_1,SomMotB,right,0.0669642857142857,0.18500000000000005,0.11803571428571435,176.26666640344192
126,RH_SomMotB_S2_2,SomMotB,right,0.049107142857142905,0.13,0.0808928571428571,164.72727239182785
127,RH_SomMotB_S2_3,SomMotB,right,0.03125,0.14500000000000002,0.11375000000000002,363.9999988352001
128,RH_SomMotB_S2_4,SomMotB,right,0.0357142857142857,0.07999999999999996,0.04428571428571426,123.99999965279997
129,RH_SomMotB_Cent_1,SomMotB,right,0.017857142857142905,0.030000000000000027,0.012142857142857122,67.9999996191997
130,RH_DorsAttnA_TempOcc_1,DorsAttnA,right,0.0580357142857143,0.030000000000000027,-0.028035714285714275,-48.30769222445441
131,RH_DorsAttnA_ParOcc_1,DorsAttnA,right,0.1205357142857143,0.09499999999999997,-0.025535714285714328,-21.18518516760936
132,RH_DorsAttnA_SPL_1,DorsAttnA,right,0.049107142857142905,0.03500000000000003,-0.014107142857142874,-28.72727266877356
133,RH_DorsAttnA_SPL_2,DorsAttnA,right,0.0401785714285714,0.03500000000000003,-0.005178571428571366,-12.88888885680973
134,RH_DorsAttnA_SPL_3,DorsAttnA,right,0.044642857142857095,0.13,0.08535714285714291,191.1999995717123
135,RH_DorsAttnA_SPL_4,DorsAttnA,right,0.0401785714285714,0.08999999999999997,0.04982142857142857,123.99999969137787
136,RH_DorsAttnB_PostC_1,DorsAttnB,right,0.049107142857142905,0.12,0.07089285714285709,144.36363606965926
137,RH_DorsAttnB_PostC_2,DorsAttnB,right,0.0803571428571429,0.03500000000000003,-0.045357142857142874,-56.44444437420246
138,RH_DorsAttnB_PostC_3,DorsAttnB,right,0.0267857142857143,0.03500000000000003,0.00821428571428573,30.66666655217782
139,RH_DorsAttnB_PostC_4,DorsAttnB,right,0.0267857142857143,0.015000000000000013,-0.011785714285714288,-43.99999983573332
140,RH_DorsAttnB_FEF_1,DorsAttnB,right,0.0848214285714286,0.13,0.0451785714285714,53.26315783194233
141,RH_SalVentAttnA_ParOper_1,SalVentAttnA,right,0.017857142857142905,0.06000000000000005,0.04214285714285715,235.99999867839938
142,RH_SalVentAttnA_PrC_1,SalVentAttnA,right,0.1696428571428571,0.41500000000000004,0.24535714285714294,144.631578862112
143,RH_SalVentAttnA_Ins_1,SalVentAttnA,right,0.1651785714285714,0.245,0.0798214285714286,48.324324295068536
144,RH_SalVentAttnA_Ins_2,SalVentAttnA,right,0.09375,0.14500000000000002,0.05125000000000002,54.66666660835558
145,RH_SalVentAttnA_FrOper_1,SalVentAttnA,right,0.017857142857142905,0.08499999999999996,0.06714285714285706,375.9999978943985
146,RH_SalVentAttnA_FrMed_1,SalVentAttnA,right,0.03125,0.03500000000000003,0.003750000000000031,11.9999999616001
147,RH_SalVentAttnA_ParMed_1,SalVentAttnA,right,0.1428571428571429,0.15500000000000003,0.012142857142857122,8.499999994049983
148,RH_SalVentAttnA_ParMed_2,SalVentAttnA,right,0.0580357142857143,0.040000000000000036,-0.018035714285714266,-31.0769230233751
149,RH_SalVentAttnA_FrMed_2,SalVentAttnA,right,0.0669642857142857,0.07999999999999996,0.013035714285714262,19.466666637596415
150,RH_SalVentAttnB_IPL_1,SalVentAttnB,right,0.0892857142857143,0.07499999999999996,-0.014285714285714346,-15.999999982080066
151,RH_SalVentAttnB_PFClv_1,SalVentAttnB,right,0.0669642857142857,0.08499999999999996,0.018035714285714266,26.933333293112867
152,RH_SalVentAttnB_PFCl_1,SalVentAttnB,right,0.0535714285714286,0.06000000000000005,0.00642857142857145,11.999999977600034
153,RH_SalVentAttnB_Ins_1,SalVentAttnB,right,0.1205357142857143,0.05500000000000005,-0.06553571428571425,-54.370370325263075
154,RH_SalVentAttnB_Ins_2,SalVentAttnB,right,0.044642857142857095,0.06499999999999995,0.02035714285714285,45.59999989785604
155,RH_SalVentAttnB_PFCmp_1,SalVentAttnB,right,0.0580357142857143,0.06999999999999995,0.01196428571428565,20.615384579862607
156,RH_LimbicB_OFC_1,LimbicB,right,0.0982142857142857,0.07499999999999996,-0.023214285714285743,-23.636363612297558
157,RH_LimbicB_OFC_2,LimbicB,right,0.0803571428571429,0.040000000000000036,-0.04035714285714287,-50.22222215972345
158,RH_LimbicB_OFC_3,LimbicB,right,0.022321428571428603,0.06999999999999995,0.04767857142857135,213.59999904307134
159,RH_LimbicB_OFC_4,LimbicB,right,0.0892857142857143,0.07999999999999996,-0.009285714285714342,-10.39999998835206
160,RH_LimbicA_TempPole_1,LimbicA,right,0.1473214285714286,0.14,-0.00732142857142859,-4.96969696632361
161,RH_LimbicA_TempPole_2,LimbicA,right,0.1785714285714286,0.30500000000000005,0.12642857142857145,70.79999996035198
162,RH_LimbicA_TempPole_3,LimbicA,right,0.2098214285714286,0.245,0.03517857142857139,16.765957438817907
163,RH_LimbicA_TempPole_4,LimbicA,right,0.09375,0.10499999999999998,0.011249999999999982,11.999999987199981
164,RH_ContA_IPS_1,ContA,right,0.0357142857142857,0.020000000000000018,-0.01571428571428568,-43.99999987679992
165,RH_ContA_IPS_2,ContA,right,0.0267857142857143,0.040000000000000036,0.013214285714285734,49.3333331491556
166,RH_ContA_PFCd_1,ContA,right,0.0848214285714286,0.10499999999999998,0.02017857142857138,23.789473656163924
167,RH_ContA_PFCl_1,ContA,right,0.0625,0.245,0.1825,291.9999995328
168,RH_ContA_PFCl_2,ContA,right,0.0669642857142857,0.050000000000000044,-0.016964285714285654,-25.333333295502143
169,RH_ContA_Cingm_1,ContA,right,0.0625,0.20499999999999996,0.14249999999999996,227.99999963519997
170,RH_ContB_Temp_1,ContB,right,0.049107142857142905,0.08499999999999996,0.03589285714285706,73.09090894206918
171,RH_ContB_Temp_2,ContB,right,0.0803571428571429,0.06999999999999995,-0.010357142857142954,-12.888888872849497
172,RH_ContB_IPL_1,ContB,right,0.044642857142857095,0.03500000000000003,-0.009642857142857064,-21.599999951615846
173,RH_ContB_IPL_2,ContB,right,0.049107142857142905,0.025000000000000022,-0.024107142857142883,-49.090908990942154
174,RH_ContB_PFCld_1,ContB,right,0.0892857142857143,0.18999999999999995,0.10071428571428565,112.79999987366392
175,RH_ContB_PFCld_2,ContB,right,0.0580357142857143,0.030000000000000027,-0.028035714285714275,-48.30769222445441
176,RH_ContB_PFClv_1,ContB,right,0.0669642857142857,0.03500000000000003,-0.03196428571428567,-47.7333332620515
177,RH_ContB_PFClv_2,ContB,right,0.0803571428571429,0.06999999999999995,-0.010357142857142954,-12.888888872849497
178,RH_ContB_PFCmp_1,ContB,right,0.044642857142857095,0.015000000000000013,-0.029642857142857082,-66.39999985126394
179,RH_ContB_PFCld_3,ContB,right,0.0401785714285714,0.06999999999999995,0.029821428571428554,74.22222203749136
180,RH_ContC_pCun_1,ContC,right,0.008928571428571397,0.05500000000000005,0.04607142857142865,515.9999942208028
181,RH_ContC_pCun_2,ContC,right,0.017857142857142905,0.14500000000000002,0.1271428571428571,711.9999960127979
182,RH_ContC_Cingp_1,ContC,right,0.013392857142857095,0.06999999999999995,0.056607142857142856,422.6666635107571
183,RH_DefaultA_IPL_1,DefaultA,right,0.0758928571428571,0.05500000000000005,-0.020892857142857046,-27.529411728431725
184,RH_DefaultA_PFCd_1,DefaultA,right,0.1071428571428571,0.14500000000000002,0.03785714285714292,35.33333330035563
185,RH_DefaultA_pCunPCC_1,DefaultA,right,0.0,0.04500000000000004,0.04500000000000004,45000000000.00004
186,RH_DefaultA_PFCm_1,DefaultA,right,0.013392857142857095,0.06999999999999995,0.056607142857142856,422.6666635107571
187,RH_DefaultA_PFCm_2,DefaultA,right,0.34375,0.245,-0.09875,-28.727272718915703
188,RH_DefaultA_PFCm_3,DefaultA,right,0.0267857142857143,0.03500000000000003,0.00821428571428573,30.66666655217782
189,RH_DefaultB_Temp_1,DefaultB,right,0.049107142857142905,0.06999999999999995,0.020892857142857046,42.54545445881629
190,RH_DefaultB_AntTemp_1,DefaultB,right,0.0625,0.16500000000000004,0.10250000000000004,163.99999973760006
191,RH_DefaultB_PFCd_1,DefaultB,right,0.0803571428571429,0.040000000000000036,-0.04035714285714287,-50.22222215972345
192,RH_DefaultB_PFCv_1,DefaultB,right,0.03125,0.030000000000000027,-0.0012499999999999734,-3.9999999871999146
193,RH_DefaultC_IPL_1,DefaultC,right,0.0669642857142857,0.11499999999999999,0.04803571428571429,71.7333332262116
194,RH_DefaultC_Rsp_1,DefaultC,right,0.004464285714285698,0.025000000000000022,0.020535714285714324,459.99998969600273
195,RH_DefaultC_PHC_1,DefaultC,right,0.0535714285714286,0.06000000000000005,0.00642857142857145,11.999999977600034
196,RH_TempPar_1,TempPar,right,0.0848214285714286,0.14,0.05517857142857141,65.0526315022537
197,RH_TempPar_2,TempPar,right,0.1071428571428571,0.16500000000000004,0.05785714285714294,53.99999994960011
198,RH_TempPar_3,TempPar,right,0.1071428571428571,0.11499999999999999,0.007857142857142896,7.333333326488929
199,RH_TempPar_4,TempPar,right,0.0892857142857143,0.12,0.030714285714285694,34.39999996147197
200,aHIP-rh,Hippocampus_ant,right,0.0714285714285714,0.16000000000000003,0.08857142857142863,123.99999982640016
201,pHIP-rh,Hippocampus_post,right,0.1651785714285714,0.31999999999999995,0.15482142857142855,93.72972967298526
202,lAMY-rh,Amygdala_lat,right,0.2232142857142857,0.365,0.1417857142857143,63.51999997154305
203,mAMY-rh,Amygdala_med,right,0.1428571428571429,0.19999999999999996,0.05714285714285705,39.99999997199992
204,THA-DP-rh,Thalamus_DP,right,0.21875,0.31999999999999995,0.10124999999999995,46.285714264555075
205,THA-VP-rh,Thalamus_VP,right,0.1517857142857143,0.31999999999999995,0.16821428571428565,110.8235293387515
206,THA-VA-rh,Thalamus_VA,right,0.0714285714285714,0.18000000000000005,0.10857142857142865,151.9999997872002
207,THA-DA-rh,Thalamus_DA,right,0.1116071428571429,0.15500000000000003,0.04339285714285712,38.879999965163485
208,NAc-shell-rh,Accumbens_shell,right,0.1919642857142857,0.31000000000000005,0.11803571428571435,61.48837206099215
209,NAc-core-rh,Accumbens_core,right,0.1205357142857143,0.15500000000000003,0.034464285714285725,28.59259256887134
210,pGP-rh,Pallidum_post,right,0.5401785714285714,0.5349999999999999,-0.005178571428571477,-0.958677685772948
211,aGP-rh,Pallidum_ant,right,0.4821428571428571,0.735,0.2528571428571429,52.44444443356709
212,aPUT-rh,Putamen_ant,right,0.03125,0.09999999999999998,0.06874999999999998,219.9999992959999
213,pPUT-rh,Putamen_post,right,0.0803571428571429,0.18500000000000005,0.10464285714285715,130.22222206016784
214,aCAU-rh,Caudate_ant,right,0.0401785714285714,0.03500000000000003,-0.005178571428571366,-12.88888885680973
215,pCAU-rh,Caudate_post,right,0.0625,0.125,0.0625,99.99999984000002
216,aHIP-lh,Hippocampus_ant,left,0.0892857142857143,0.16000000000000003,0.07071428571428573,79.199999911296
217,pHIP-lh,Hippocampus_post,left,0.1875,0.31499999999999995,0.12749999999999995,67.9999999637333
218,lAMY-lh,Amygdala_lat,left,0.2276785714285714,0.22999999999999998,0.0023214285714285854,1.0196078426894333
219,mAMY-lh,Amygdala_med,left,0.1383928571428571,0.17500000000000004,0.03660714285714295,26.451612884112457
220,THA-DP-lh,Thalamus_DP,left,0.2589285714285714,0.22999999999999998,-0.028928571428571415,-11.17241378878858
221,THA-VP-lh,Thalamus_VP,left,0.1875,0.275,0.08750000000000002,46.66666664177779
222,THA-VA-lh,Thalamus_VA,left,0.0758928571428571,0.15000000000000002,0.07410714285714293,97.64705869486521
223,THA-DA-lh,Thalamus_DA,left,0.0982142857142857,0.17000000000000004,0.07178571428571434,73.09090901648932
224,NAc-shell-lh,Accumbens_shell,left,0.125,0.26,0.135,107.9999999136
225,NAc-core-lh,Accumbens_core,left,0.1116071428571429,0.21999999999999997,0.10839285714285707,97.11999991298038
226,pGP-lh,Pallidum_post,left,0.4732142857142857,0.585,0.11178571428571427,23.622641504442004
227,aGP-lh,Pallidum_ant,left,0.4910714285714286,0.76,0.2689285714285714,54.76363635248449
228,aPUT-lh,Putamen_ant,left,0.049107142857142905,0.10499999999999998,0.05589285714285708,113.81818158640638
229,pPUT-lh,Putamen_post,left,0.0758928571428571,0.21999999999999997,0.14410714285714288,189.8823526909787
230,aCAU-lh,Caudate_ant,left,0.049107142857142905,0.08999999999999997,0.040892857142857064,83.27272710315347
231,pCAU-lh,Caudate_post,left,0.0758928571428571,0.10499999999999998,0.029107142857142887,38.35294112593501
