region_id,region_name,network,accuracy_multinomial,accuracy_ovr,ovr_advantage
23,LH_SomMotB_S2_2,SomMotB,0.9955357142857144,0.9955357142857144,0.0
11,LH_VisPeri_ExStrSup_2,VisPeri,0.9910714285714286,0.9955357142857144,0.0044642857142858094
39,LH_SalVentAttnA_ParOper_1,SalVentAttnA,0.9910714285714286,0.9910714285714286,0.0
5,LH_VisCent_ExStr_5,VisCent,0.9910714285714286,0.9910714285714286,0.0
1,LH_VisCent_ExStr_1,VisCent,0.9866071428571428,0.9955357142857144,0.008928571428571619
4,LH_VisCent_ExStr_4,VisCent,0.9866071428571428,0.9821428571428572,-0.004464285714285587
87,LH_DefaultB_PFCd_1,DefaultB,0.9866071428571428,0.9910714285714286,0.0044642857142858094
9,LH_VisPeri_StriCal_1,VisPeri,0.9821428571428572,0.9866071428571428,0.004464285714285587
76,LH_DefaultA_pCunPCC_1,DefaultA,0.9821428571428572,0.9910714285714286,0.008928571428571397
78,LH_DefaultA_pCunPCC_3,DefaultA,0.9821428571428572,0.9866071428571428,0.004464285714285587
34,LH_DorsAttnB_PostC_1,DorsAttnB,0.9821428571428572,0.9732142857142856,-0.008928571428571619
94,LH_DefaultB_PFCv_4,DefaultB,0.9776785714285714,0.9866071428571428,0.008928571428571397
96,LH_DefaultC_Rsp_1,DefaultC,0.9776785714285714,1.0,0.022321428571428603
71,LH_ContC_pCun_1,ContC,0.9732142857142856,0.9866071428571428,0.013392857142857206
88,LH_DefaultB_PFCd_2,DefaultB,0.9732142857142856,0.9821428571428572,0.008928571428571619
77,LH_DefaultA_pCunPCC_2,DefaultA,0.9732142857142856,0.9866071428571428,0.013392857142857206
16,LH_SomMotA_5,SomMotA,0.9732142857142856,0.9776785714285714,0.0044642857142858094
29,LH_DorsAttnA_TempOcc_2,DorsAttnA,0.96875,0.9821428571428572,0.013392857142857206
2,LH_VisCent_Striate_1,VisCent,0.96875,0.9910714285714286,0.022321428571428603
35,LH_DorsAttnB_PostC_2,DorsAttnB,0.96875,0.9776785714285714,0.008928571428571397
81,LH_DefaultA_PFCm_3,DefaultA,0.96875,0.9910714285714286,0.022321428571428603
73,LH_ContC_Cingp_1,ContC,0.96875,0.9732142857142856,0.004464285714285587
74,LH_DefaultA_IPL_1,DefaultA,0.96875,0.9955357142857144,0.026785714285714413
62,LH_ContA_PFCl_1,ContA,0.96875,0.9419642857142856,-0.026785714285714413
21,LH_SomMotB_Aud_2,SomMotB,0.9642857142857144,0.9732142857142856,0.008928571428571175
25,LH_SomMotB_S2_3,SomMotB,0.9642857142857144,0.9776785714285714,0.013392857142856984
31,LH_DorsAttnA_SPL_1,DorsAttnA,0.9642857142857144,0.9598214285714286,-0.0044642857142858094
89,LH_DefaultB_PFCd_3,DefaultB,0.9642857142857144,0.9642857142857144,0.0
6,LH_VisPeri_ExStrInf_1,VisPeri,0.9642857142857144,0.96875,0.004464285714285587
45,LH_SalVentAttnA_FrMed_2,SalVentAttnA,0.9642857142857144,0.9910714285714286,0.02678571428571419
3,LH_VisCent_ExStr_3,VisCent,0.9642857142857144,0.9642857142857144,0.0
28,LH_DorsAttnA_TempOcc_1,DorsAttnA,0.9598214285714286,0.96875,0.008928571428571397
10,LH_VisPeri_ExStrSup_1,VisPeri,0.9598214285714286,0.9821428571428572,0.022321428571428603
42,LH_SalVentAttnA_FrOper_2,SalVentAttnA,0.9598214285714286,0.9866071428571428,0.02678571428571419
13,LH_SomMotA_2,SomMotA,0.9598214285714286,0.9642857142857144,0.0044642857142858094
17,LH_SomMotA_6,SomMotA,0.9598214285714286,0.9598214285714286,0.0
37,LH_DorsAttnB_PostC_4,DorsAttnB,0.9598214285714286,0.9776785714285714,0.017857142857142794
59,LH_ContA_IPS_3,ContA,0.9598214285714286,0.9732142857142856,0.013392857142856984
68,LH_ContB_PFCl_1,ContB,0.9598214285714286,0.9553571428571428,-0.0044642857142858094
44,LH_SalVentAttnA_FrMed_1,SalVentAttnA,0.9598214285714286,0.9866071428571428,0.02678571428571419
49,LH_SalVentAttnB_PFCmp_1,SalVentAttnB,0.9598214285714286,0.9866071428571428,0.02678571428571419
32,LH_DorsAttnA_SPL_2,DorsAttnA,0.9598214285714286,0.9642857142857144,0.0044642857142858094
72,LH_ContC_pCun_2,ContC,0.9553571428571428,0.96875,0.013392857142857206
15,LH_SomMotA_4,SomMotA,0.9553571428571428,0.9821428571428572,0.026785714285714413
41,LH_SalVentAttnA_FrOper_1,SalVentAttnA,0.9553571428571428,0.9598214285714286,0.0044642857142858094
24,LH_SomMotB_Aud_3,SomMotB,0.9553571428571428,0.9375,-0.017857142857142794
14,LH_SomMotA_3,SomMotA,0.9553571428571428,0.9732142857142856,0.017857142857142794
112,aPUT-lh,Subcortical,0.9553571428571428,0.9732142857142856,0.017857142857142794
7,LH_VisPeri_ExStrInf_2,VisPeri,0.9508928571428572,0.9642857142857144,0.013392857142857206
19,LH_SomMotA_8,SomMotA,0.9508928571428572,0.9464285714285714,-0.0044642857142858094
75,LH_DefaultA_PFCd_1,DefaultA,0.9508928571428572,0.9732142857142856,0.02232142857142838
22,LH_SomMotB_S2_1,SomMotB,0.9464285714285714,0.9419642857142856,-0.0044642857142858094
43,LH_SalVentAttnA_ParMed_1,SalVentAttnA,0.9464285714285714,0.96875,0.022321428571428603
27,LH_SomMotB_Cent_2,SomMotB,0.9464285714285714,0.9464285714285714,0.0
60,LH_ContA_PFCd_1,ContA,0.9464285714285714,0.9553571428571428,0.008928571428571397
95,LH_DefaultC_IPL_1,DefaultC,0.9464285714285714,0.9598214285714286,0.013392857142857206
80,LH_DefaultA_PFCm_2,DefaultA,0.9419642857142856,0.9553571428571428,0.013392857142857206
84,LH_DefaultB_Temp_3,DefaultB,0.9419642857142856,0.9508928571428572,0.008928571428571619
93,LH_DefaultB_PFCv_3,DefaultB,0.9419642857142856,0.9508928571428572,0.008928571428571619
97,LH_DefaultC_PHC_1,DefaultC,0.9419642857142856,0.9508928571428572,0.008928571428571619
91,LH_DefaultB_PFCv_1,DefaultB,0.9419642857142856,0.9598214285714286,0.017857142857143016
58,LH_ContA_IPS_2,ContA,0.9419642857142856,0.9642857142857144,0.022321428571428825
67,LH_ContB_IPL_1,ContB,0.9419642857142856,0.9598214285714286,0.017857142857143016
57,LH_ContA_IPS_1,ContA,0.9419642857142856,0.9866071428571428,0.044642857142857206
61,LH_ContA_PFClv_1,ContA,0.9419642857142856,0.9464285714285714,0.0044642857142858094
33,LH_DorsAttnA_SPL_3,DorsAttnA,0.9419642857142856,0.9598214285714286,0.017857142857143016
40,LH_SalVentAttnA_Ins_1,SalVentAttnA,0.9419642857142856,0.96875,0.026785714285714413
36,LH_DorsAttnB_PostC_3,DorsAttnB,0.9419642857142856,0.9464285714285714,0.0044642857142858094
20,LH_SomMotB_Aud_1,SomMotB,0.9375,0.9375,0.0
85,LH_DefaultB_Temp_4,DefaultB,0.9375,0.96875,0.03125
63,LH_ContA_PFCl_2,ContA,0.9375,0.9330357142857144,-0.004464285714285587
48,LH_SalVentAttnB_Ins_1,SalVentAttnB,0.9330357142857144,0.9464285714285714,0.013392857142856984
90,LH_DefaultB_PFCd_4,DefaultB,0.9330357142857144,0.9464285714285714,0.013392857142856984
82,LH_DefaultB_Temp_1,DefaultB,0.9330357142857144,0.9508928571428572,0.017857142857142794
69,LH_ContB_PFClv_1,ContB,0.9330357142857144,0.9598214285714286,0.02678571428571419
46,LH_SalVentAttnB_IPL_1,SalVentAttnB,0.9285714285714286,0.9375,0.008928571428571397
18,LH_SomMotA_7,SomMotA,0.9285714285714286,0.9241071428571428,-0.0044642857142858094
12,LH_SomMotA_1,SomMotA,0.9241071428571428,0.9196428571428572,-0.004464285714285587
114,aCAU-lh,Subcortical,0.9241071428571428,0.9508928571428572,0.026785714285714413
47,LH_SalVentAttnB_PFCl_1,SalVentAttnB,0.9241071428571428,0.9196428571428572,-0.004464285714285587
100,aHIP-lh,Subcortical,0.9196428571428572,0.9330357142857144,0.013392857142857206
109,NAc-core-lh,Subcortical,0.9196428571428572,0.90625,-0.013392857142857206
98,LH_TempPar_1,TempPar,0.9151785714285714,0.9375,0.022321428571428603
0,LH_VisCent_ExStr_2,VisCent,0.9107142857142856,0.8928571428571429,-0.017857142857142683
79,LH_DefaultA_PFCm_1,DefaultA,0.9107142857142856,0.9508928571428572,0.04017857142857162
38,LH_DorsAttnB_FEF_1,DorsAttnB,0.90625,0.9330357142857144,0.026785714285714413
66,LH_ContB_Temp_1,ContB,0.90625,0.90625,0.0
51,LH_LimbicB_OFC_2,LimbicB,0.9017857142857144,0.8928571428571429,-0.008928571428571508
30,LH_DorsAttnA_ParOcc_1,DorsAttnA,0.9017857142857144,0.9151785714285714,0.013392857142856984
56,LH_ContA_Temp_1,ContA,0.8928571428571429,0.8839285714285714,-0.008928571428571508
26,LH_SomMotB_Cent_1,SomMotB,0.8928571428571429,0.8883928571428571,-0.0044642857142858094
86,LH_DefaultB_IPL_1,DefaultB,0.8928571428571429,0.8973214285714286,0.004464285714285698
83,LH_DefaultB_Temp_2,DefaultB,0.8794642857142857,0.8392857142857143,-0.0401785714285714
115,pCAU-lh,Subcortical,0.875,0.8794642857142857,0.004464285714285698
113,pPUT-lh,Subcortical,0.8705357142857143,0.875,0.004464285714285698
108,NAc-shell-lh,Subcortical,0.8660714285714286,0.8660714285714286,0.0
64,LH_ContA_PFCl_3,ContA,0.8660714285714286,0.8616071428571429,-0.004464285714285698
70,LH_ContB_PFClv_2,ContB,0.8660714285714286,0.84375,-0.022321428571428603
99,LH_TempPar_2,TempPar,0.8526785714285714,0.8660714285714286,0.013392857142857206
8,LH_VisPeri_ExStrInf_3,VisPeri,0.8392857142857143,0.8169642857142857,-0.022321428571428603
103,mAMY-lh,Subcortical,0.8258928571428571,0.8303571428571429,0.0044642857142858094
50,LH_LimbicB_OFC_1,LimbicB,0.8214285714285714,0.8169642857142857,-0.004464285714285698
106,THA-VA-lh,Subcortical,0.8214285714285714,0.8080357142857143,-0.013392857142857095
92,LH_DefaultB_PFCv_2,DefaultB,0.8169642857142857,0.8080357142857143,-0.008928571428571397
52,LH_LimbicA_TempPole_1,LimbicA,0.8169642857142857,0.8258928571428571,0.008928571428571397
54,LH_LimbicA_TempPole_3,LimbicA,0.8035714285714286,0.8080357142857143,0.004464285714285698
102,lAMY-lh,Subcortical,0.7991071428571429,0.8214285714285714,0.022321428571428492
53,LH_LimbicA_TempPole_2,LimbicA,0.7857142857142857,0.7589285714285714,-0.0267857142857143
105,THA-VP-lh,Subcortical,0.7857142857142857,0.7633928571428571,-0.022321428571428603
107,THA-DA-lh,Subcortical,0.7678571428571429,0.78125,0.013392857142857095
65,LH_ContA_Cingm_1,ContA,0.75,0.71875,-0.03125
101,pHIP-lh,Subcortical,0.7366071428571429,0.7053571428571429,-0.03125
104,THA-DP-lh,Subcortical,0.7276785714285714,0.6875,-0.0401785714285714
55,LH_LimbicA_TempPole_4,LimbicA,0.6875,0.6607142857142857,-0.0267857142857143
110,pGP-lh,Subcortical,0.6294642857142857,0.5535714285714286,-0.0758928571428571
111,aGP-lh,Subcortical,0.5580357142857143,0.4910714285714285,-0.06696428571428581
