Analysis,Strategy,Accuracy,Accuracy_Std,Balanced_Accuracy,Balanced_Accuracy_Std,N_Samples,N_Classes,Top_3_Accuracy,Top_5_Accuracy,Top_10_Accuracy
Full Connectivity,MULTINOMIAL,0.9241263854679803,0.0024393414137151683,0.9241263854679802,0.002439341413715136,51968,232,0.9731373152709359,0.9833358990147784,0.991398552955665
Full Connectivity,OVO,0.8687846366995073,0.0036301695070775344,0.8687846366995075,0.0036301695070776324,51968,232,0.9407135160098522,0.9615725061576355,0.9803917795566502
Full Connectivity,OVR,0.931707974137931,0.001875754144907356,0.931707974137931,0.0018757541449073403,51968,232,0.9747536945812808,0.9837207512315271,0.990474907635468
Left Hemisphere,MULTINOMIAL,0.9181804187192119,0.00477767348911196,0.9181804187192119,0.004777673489112028,0,0,0.0,0.9826816502463054,0.992495381773399
Left Hemisphere,OVO,0.8814270320197044,0.007082027542968917,0.8814270320197043,0.007082027542968915,0,0,0.0,0.9702509236453202,0.9864147167487685
Left Hemisphere,OVR,0.9226447044334976,0.004891334827121937,0.9226447044334976,0.004891334827121915,0,0,0.0,0.9837207512315271,0.9926493226600985
Right Hemisphere,MULTINOMIAL,0.9135621921182266,0.0023584235090440644,0.9135621921182265,0.002358423509044046,0,0,0.0,0.9820658866995073,0.9923029556650246
Right Hemisphere,OVO,0.8752693965517241,0.004478663355157818,0.8752693965517241,0.004478663355157799,0,0,0.0,0.9674799876847291,0.9856065270935961
Right Hemisphere,OVR,0.9208358990147784,0.0029290009301511434,0.9208358990147782,0.002929000930151179,0,0,0.0,0.9828355911330049,0.991879618226601
