mean_fit_time,std_fit_time,mean_score_time,std_score_time,param_classifier__solver,param_classifier__max_iter,param_classifier__C,params,split0_test_score,split1_test_score,split2_test_score,mean_test_score,std_test_score,rank_test_score,split0_train_score,split1_train_score,split2_train_score,mean_train_score,std_train_score,outer_fold
2420.1468390623727,44.16972913822534,0.568383534749349,0.14940838580560187,lbfgs,300,0.01,"{'classifier__solver': 'lbfgs', 'classifier__max_iter': 300, 'classifier__C': 0.01}",0.8861350574712644,0.8857758620689655,0.8899035651665692,0.8872714949022663,0.0018669227338820647,12,0.9467907852796291,0.9463199072732541,0.946875,0.9466618975176276,0.0002442553653001263,1
1403.7746924559276,99.49635717866194,1.1303311189015706,0.20913418135839904,lbfgs,300,1.0,"{'classifier__solver': 'lbfgs', 'classifier__max_iter': 300, 'classifier__C': 1.0}",0.9043821839080459,0.9064655172413794,0.9088983050847458,0.9065820020780571,0.0018455377099987418,9,0.9997464503042597,0.9998188930744711,0.9996048850574712,0.999723409478734,8.887450915282784e-05,1
2437.6081942717233,28.781116347561827,0.602996031443278,0.10798925746086709,lbfgs,100,0.01,"{'classifier__solver': 'lbfgs', 'classifier__max_iter': 100, 'classifier__C': 0.01}",0.8861350574712644,0.8857758620689655,0.8899035651665692,0.8872714949022663,0.0018669227338820647,12,0.9467907852796291,0.9463199072732541,0.946875,0.9466618975176276,0.0002442553653001263,1
1423.6643358071644,44.31623664257675,0.8697608311971029,0.12096871716146938,lbfgs,300,0.3,"{'classifier__solver': 'lbfgs', 'classifier__max_iter': 300, 'classifier__C': 0.3}",0.9086925287356322,0.9107758620689655,0.9121858562244302,0.9105514156763426,0.0014349486340095713,3,0.9985511445957693,0.997826716893654,0.9980962643678161,0.9981580419524131,0.00029895509848694923,1
364.08912976582843,2.7232964795723813,0.847602128982544,0.030786612528244658,lbfgs,100,0.0001,"{'classifier__solver': 'lbfgs', 'classifier__max_iter': 100, 'classifier__C': 0.0001}",0.4057471264367816,0.40632183908045977,0.4178842781998831,0.40998441457237483,0.005590972345702909,17,0.4303824978267169,0.4224137931034483,0.4254310344827586,0.4260757751376412,0.003284999403927367,1
2165.6728297074637,88.34949952736834,0.6829992135365804,0.09926105210627002,lbfgs,100,0.03,"{'classifier__solver': 'lbfgs', 'classifier__max_iter': 100, 'classifier__C': 0.03}",0.9058908045977011,0.9065373563218391,0.9088983050847458,0.9071088220014286,0.0012925928882431316,6,0.9768545349174153,0.9764560996812518,0.9767241379310345,0.9766782575099006,0.00016586423994084472,1
1500.525765657425,8.360841525248462,1.1582410335540771,0.126763900247333,lbfgs,300,0.1,"{'classifier__solver': 'lbfgs', 'classifier__max_iter': 300, 'classifier__C': 0.1}",0.9114942528735632,0.9130028735632184,0.9140122735242548,0.9128364666536788,0.0010346901127017854,1,0.9939872500724428,0.9942045783830774,0.9933189655172414,0.9938369313242538,0.00037685039611352195,1
1430.7728068033855,66.49185504217174,0.829716682434082,0.09066425025026388,lbfgs,500,0.3,"{'classifier__solver': 'lbfgs', 'classifier__max_iter': 500, 'classifier__C': 0.3}",0.9086925287356322,0.9107758620689655,0.9121858562244302,0.9105514156763426,0.0014349486340095713,3,0.9985511445957693,0.997826716893654,0.9980962643678161,0.9981580419524131,0.00029895509848694923,1
2441.0191146532693,10.92583508809465,0.5234453678131104,0.06866917576821353,lbfgs,1000,0.01,"{'classifier__solver': 'lbfgs', 'classifier__max_iter': 1000, 'classifier__C': 0.01}",0.8861350574712644,0.8857758620689655,0.8899035651665692,0.8872714949022663,0.0018669227338820647,12,0.9467907852796291,0.9463199072732541,0.946875,0.9466618975176276,0.0002442553653001263,1
2170.9147523244224,78.32634355946438,0.6872105598449707,0.20105309437361604,lbfgs,300,0.03,"{'classifier__solver': 'lbfgs', 'classifier__max_iter': 300, 'classifier__C': 0.03}",0.9058908045977011,0.9065373563218391,0.9088983050847458,0.9071088220014286,0.0012925928882431316,6,0.9768545349174153,0.9764560996812518,0.9767241379310345,0.9766782575099006,0.00016586423994084472,1
2131.1188638210297,98.66344151913684,0.7371978759765625,0.13432475694354462,lbfgs,1000,0.03,"{'classifier__solver': 'lbfgs', 'classifier__max_iter': 1000, 'classifier__C': 0.03}",0.9058908045977011,0.9065373563218391,0.9088983050847458,0.9071088220014286,0.0012925928882431316,6,0.9768545349174153,0.9764560996812518,0.9767241379310345,0.9766782575099006,0.00016586423994084472,1
362.11571447054547,4.697741486450177,0.8822666009267172,0.083919099546262,lbfgs,300,0.0001,"{'classifier__solver': 'lbfgs', 'classifier__max_iter': 300, 'classifier__C': 0.0001}",0.4057471264367816,0.40632183908045977,0.4178842781998831,0.40998441457237483,0.005590972345702909,17,0.4303824978267169,0.4224137931034483,0.4254310344827586,0.4260757751376412,0.003284999403927367,1
665.0695732434591,20.802298551983448,0.8668262163798014,0.2061510393349213,lbfgs,100,0.0003,"{'classifier__solver': 'lbfgs', 'classifier__max_iter': 100, 'classifier__C': 0.0003}",0.5594109195402299,0.5607040229885057,0.5751022793687902,0.5650724072991752,0.0071118108069893994,15,0.5942842654303101,0.5861344537815126,0.5890445402298851,0.5898210864805692,0.003372153173399995,1
661.3437320391337,13.223310156060988,0.8352377414703369,0.13521424242274774,lbfgs,300,0.0003,"{'classifier__solver': 'lbfgs', 'classifier__max_iter': 300, 'classifier__C': 0.0003}",0.5594109195402299,0.5607040229885057,0.5751022793687902,0.5650724072991752,0.0071118108069893994,15,0.5942842654303101,0.5861344537815126,0.5890445402298851,0.5898210864805692,0.003372153173399995,1
364.09806513786316,2.054703520897337,0.7178455193837484,0.030679690649077766,lbfgs,500,0.0001,"{'classifier__solver': 'lbfgs', 'classifier__max_iter': 500, 'classifier__C': 0.0001}",0.4057471264367816,0.40632183908045977,0.4178842781998831,0.40998441457237483,0.005590972345702909,17,0.4303824978267169,0.4224137931034483,0.4254310344827586,0.4260757751376412,0.003284999403927367,1
1115.9169205029805,4.4103942196888015,0.271633783976237,0.02440006076043568,lbfgs,100,0.1,"{'classifier__solver': 'lbfgs', 'classifier__max_iter': 100, 'classifier__C': 0.1}",0.9114942528735632,0.9130028735632184,0.9140122735242548,0.9128364666536788,0.0010346901127017854,1,0.9939872500724428,0.9942045783830774,0.9933189655172414,0.9938369313242538,0.00037685039611352195,1
1076.1362478733063,32.88488163168144,0.2886807123819987,0.04145372143409569,lbfgs,1000,0.3,"{'classifier__solver': 'lbfgs', 'classifier__max_iter': 1000, 'classifier__C': 0.3}",0.9086925287356322,0.9107758620689655,0.9121858562244302,0.9105514156763426,0.0014349486340095713,3,0.9985511445957693,0.997826716893654,0.9980962643678161,0.9981580419524131,0.00029895509848694923,1
353.8300433953603,4.056594103274788,0.8227686087290446,0.14750432504161093,lbfgs,1000,0.0001,"{'classifier__solver': 'lbfgs', 'classifier__max_iter': 1000, 'classifier__C': 0.0001}",0.4057471264367816,0.40632183908045977,0.4178842781998831,0.40998441457237483,0.005590972345702909,17,0.4303824978267169,0.4224137931034483,0.4254310344827586,0.4260757751376412,0.003284999403927367,1
729.0009744962057,65.22122996943096,0.1591651439666748,0.051124416582041525,lbfgs,500,1.0,"{'classifier__solver': 'lbfgs', 'classifier__max_iter': 500, 'classifier__C': 1.0}",0.9043821839080459,0.9064655172413794,0.9088983050847458,0.9065820020780571,0.0018455377099987418,9,0.9997464503042597,0.9998188930744711,0.9996048850574712,0.999723409478734,8.887450915282784e-05,1
632.0087810357412,10.722458611044358,0.16019161542256674,0.061052066254010884,lbfgs,100,1.0,"{'classifier__solver': 'lbfgs', 'classifier__max_iter': 100, 'classifier__C': 1.0}",0.9043821839080459,0.9064655172413794,0.9088983050847458,0.9065820020780571,0.0018455377099987418,9,0.9997464503042597,0.9998188930744711,0.9996048850574712,0.999723409478734,8.887450915282784e-05,1
2309.8529671033225,56.20763836664132,0.6013929843902588,0.13998211103996766,lbfgs,300,0.01,"{'classifier__solver': 'lbfgs', 'classifier__max_iter': 300, 'classifier__C': 0.01}",0.8910201149425288,0.8785919540229885,0.8886616014026885,0.8860912234560686,0.005389491506740949,12,0.9455230368009273,0.9463923500434657,0.9464439655172414,0.9461197841205449,0.000422489890913591,2
1557.0963157018025,267.6276467249316,0.7294650077819824,0.20355835245370615,lbfgs,300,1.0,"{'classifier__solver': 'lbfgs', 'classifier__max_iter': 300, 'classifier__C': 1.0}",0.9081896551724138,0.8992816091954023,0.9043687901811805,0.9039466848496657,0.0036489222578096024,9,0.9997102289191538,0.9996015647638365,0.9996767241379311,0.9996628392736405,4.543542490892081e-05,2
2323.8127703666687,72.47456563122756,0.47515710194905597,0.038085878150693024,lbfgs,100,0.01,"{'classifier__solver': 'lbfgs', 'classifier__max_iter': 100, 'classifier__C': 0.01}",0.8910201149425288,0.8785919540229885,0.8886616014026885,0.8860912234560686,0.005389491506740949,12,0.9455230368009273,0.9463923500434657,0.9464439655172414,0.9461197841205449,0.000422489890913591,2
1411.59956518809,33.21987315465769,0.7789333661397299,0.029764221679318206,lbfgs,300,0.3,"{'classifier__solver': 'lbfgs', 'classifier__max_iter': 300, 'classifier__C': 0.3}",0.9133620689655172,0.9030172413793104,0.9086791350087668,0.9083528151178649,0.004229556946890542,3,0.9987684729064039,0.9980440452042886,0.9983836206896551,0.9983987129334492,0.00029593885152745313,2
335.9868942896525,1.3102232500300794,0.8822036584218343,0.18650455967006677,lbfgs,100,0.0001,"{'classifier__solver': 'lbfgs', 'classifier__max_iter': 100, 'classifier__C': 0.0001}",0.40359195402298853,0.4028735632183908,0.4205873758036236,0.40901763101500094,0.008186300230361612,17,0.4262894813097653,0.42690524485656334,0.42496408045977013,0.4260529355420329,0.0008099363057337513,2
2216.1040970484414,131.39386611071498,0.6127876440684,0.10573995275917572,lbfgs,100,0.03,"{'classifier__solver': 'lbfgs', 'classifier__max_iter': 100, 'classifier__C': 0.03}",0.9112068965517242,0.898419540229885,0.9057568673290474,0.9051277680368855,0.00523933487286117,6,0.9756230078238192,0.9765647638365691,0.9756824712643678,0.9759567476415855,0.0004306171890146743,2
1521.9116241137187,127.58620610057045,0.9612696170806885,0.20533264794119133,lbfgs,300,0.1,"{'classifier__solver': 'lbfgs', 'classifier__max_iter': 300, 'classifier__C': 0.1}",0.9160919540229885,0.9048132183908046,0.9107977790765635,0.9105676504967856,0.004607399030371065,1,0.9933714865256448,0.9938785859171255,0.9937859195402299,0.9936786639943334,0.00022047715271534906,2
1553.614138205846,83.65160393566863,0.8688535690307617,0.09161963160132106,lbfgs,500,0.3,"{'classifier__solver': 'lbfgs', 'classifier__max_iter': 500, 'classifier__C': 0.3}",0.9133620689655172,0.9030172413793104,0.9086791350087668,0.9083528151178649,0.004229556946890542,3,0.9987684729064039,0.9980440452042886,0.9983836206896551,0.9983987129334492,0.00029593885152745313,2
2478.5748245716095,34.01890453056401,0.4706566333770752,0.014719734277904708,lbfgs,1000,0.01,"{'classifier__solver': 'lbfgs', 'classifier__max_iter': 1000, 'classifier__C': 0.01}",0.8910201149425288,0.8785919540229885,0.8886616014026885,0.8860912234560686,0.005389491506740949,12,0.9455230368009273,0.9463923500434657,0.9464439655172414,0.9461197841205449,0.000422489890913591,2
2305.175984621048,82.53130079352016,0.7872199217478434,0.2095374824185951,lbfgs,300,0.03,"{'classifier__solver': 'lbfgs', 'classifier__max_iter': 300, 'classifier__C': 0.03}",0.9112068965517242,0.898419540229885,0.9057568673290474,0.9051277680368855,0.00523933487286117,6,0.9756230078238192,0.9765647638365691,0.9756824712643678,0.9759567476415855,0.0004306171890146743,2
2230.5951653321586,62.107198109629806,0.7220774491628011,0.30093855961592686,lbfgs,1000,0.03,"{'classifier__solver': 'lbfgs', 'classifier__max_iter': 1000, 'classifier__C': 0.03}",0.9112068965517242,0.898419540229885,0.9057568673290474,0.9051277680368855,0.00523933487286117,6,0.9756230078238192,0.9765647638365691,0.9756824712643678,0.9759567476415855,0.0004306171890146743,2
348.8872657616933,1.624198231324458,0.7169717152913412,0.015097956603531295,lbfgs,300,0.0001,"{'classifier__solver': 'lbfgs', 'classifier__max_iter': 300, 'classifier__C': 0.0001}",0.40359195402298853,0.4028735632183908,0.4205873758036236,0.40901763101500094,0.008186300230361612,17,0.4262894813097653,0.42690524485656334,0.42496408045977013,0.4260529355420329,0.0008099363057337513,2
619.4783853689829,10.02404474351214,0.7673068046569824,0.028194874631067197,lbfgs,100,0.0003,"{'classifier__solver': 'lbfgs', 'classifier__max_iter': 100, 'classifier__C': 0.0003}",0.5627155172413794,0.5558908045977011,0.5789742840444184,0.5658602019611663,0.009682580142775342,15,0.589177050130397,0.5929802955665024,0.587823275862069,0.5899935405196561,0.0021830720670335535,2
607.6939233938853,13.679188090147106,0.6995151042938232,0.010697296670111359,lbfgs,300,0.0003,"{'classifier__solver': 'lbfgs', 'classifier__max_iter': 300, 'classifier__C': 0.0003}",0.5627155172413794,0.5558908045977011,0.5789742840444184,0.5658602019611663,0.009682580142775342,15,0.589177050130397,0.5929802955665024,0.587823275862069,0.5899935405196561,0.0021830720670335535,2
342.73753237724304,8.454330460975262,0.778028647104899,0.07074359709304014,lbfgs,500,0.0001,"{'classifier__solver': 'lbfgs', 'classifier__max_iter': 500, 'classifier__C': 0.0001}",0.40359195402298853,0.4028735632183908,0.4205873758036236,0.40901763101500094,0.008186300230361612,17,0.4262894813097653,0.42690524485656334,0.42496408045977013,0.4260529355420329,0.0008099363057337513,2
1130.9246497948964,22.390700445537917,0.3209230105082194,0.03719222429058098,lbfgs,100,0.1,"{'classifier__solver': 'lbfgs', 'classifier__max_iter': 100, 'classifier__C': 0.1}",0.9160919540229885,0.9048132183908046,0.9107977790765635,0.9105676504967856,0.004607399030371065,1,0.9933714865256448,0.9938785859171255,0.9937859195402299,0.9936786639943334,0.00022047715271534906,2
996.7798666159312,29.695395257351525,0.24396769205729166,0.07284968149398194,lbfgs,1000,0.3,"{'classifier__solver': 'lbfgs', 'classifier__max_iter': 1000, 'classifier__C': 0.3}",0.9133620689655172,0.9030172413793104,0.9086791350087668,0.9083528151178649,0.004229556946890542,3,0.9987684729064039,0.9980440452042886,0.9983836206896551,0.9983987129334492,0.00029593885152745313,2
336.2643616994222,5.741505774586214,0.7673807144165039,0.16994576203241898,lbfgs,1000,0.0001,"{'classifier__solver': 'lbfgs', 'classifier__max_iter': 1000, 'classifier__C': 0.0001}",0.40359195402298853,0.4028735632183908,0.4205873758036236,0.40901763101500094,0.008186300230361612,17,0.4262894813097653,0.42690524485656334,0.42496408045977013,0.4260529355420329,0.0008099363057337513,2
768.5601185162863,15.313537298951363,0.12332733472188313,0.02794756066332963,lbfgs,500,1.0,"{'classifier__solver': 'lbfgs', 'classifier__max_iter': 500, 'classifier__C': 1.0}",0.9081896551724138,0.8992816091954023,0.9043687901811805,0.9039466848496657,0.0036489222578096024,9,0.9997102289191538,0.9996015647638365,0.9996767241379311,0.9996628392736405,4.543542490892081e-05,2
719.7128167947134,9.87487664532873,0.16630339622497559,0.03513498421662213,lbfgs,100,1.0,"{'classifier__solver': 'lbfgs', 'classifier__max_iter': 100, 'classifier__C': 1.0}",0.9081896551724138,0.8992816091954023,0.9043687901811805,0.9039466848496657,0.0036489222578096024,9,0.9997102289191538,0.9996015647638365,0.9996767241379311,0.9996628392736405,4.543542490892081e-05,2
2453.5617582003274,21.81734544954074,0.5023257732391357,0.0695677122961354,lbfgs,300,0.01,"{'classifier__solver': 'lbfgs', 'classifier__max_iter': 300, 'classifier__C': 0.01}",0.8946120689655173,0.875,0.8880771478667446,0.885896405610754,0.008153732882034206,12,0.9462474645030426,0.9487105186902347,0.9463002873563219,0.9470860901831997,0.0011488468259688398,3
1310.7793231805165,116.63589616557636,0.9119230111440023,0.11629126154881586,lbfgs,300,1.0,"{'classifier__solver': 'lbfgs', 'classifier__max_iter': 300, 'classifier__C': 1.0}",0.914367816091954,0.8970545977011494,0.9093366452367037,0.906919686343269,0.0072717788049114435,6,0.9996740075340481,0.9995291219936251,0.9994612068965517,0.9995547788080749,8.874958000090482e-05,3
2445.3364379405975,78.92161080126866,0.4776140054066976,0.20460900809072194,lbfgs,100,0.01,"{'classifier__solver': 'lbfgs', 'classifier__max_iter': 100, 'classifier__C': 0.01}",0.8946120689655173,0.875,0.8880771478667446,0.885896405610754,0.008153732882034206,12,0.9462474645030426,0.9487105186902347,0.9463002873563219,0.9470860901831997,0.0011488468259688398,3
1285.268116792043,75.61139340623453,0.6646394729614258,0.08404989789144839,lbfgs,300,0.3,"{'classifier__solver': 'lbfgs', 'classifier__max_iter': 300, 'classifier__C': 0.3}",0.9148706896551724,0.9025862068965518,0.9135008766803039,0.9103192577440092,0.005496614318745232,3,0.9985149232106636,0.9977904955085483,0.9977729885057471,0.9980261357416529,0.00034569882478163933,3
340.80068858464557,8.535108392043664,0.69068710009257,0.17440285854709245,lbfgs,100,0.0001,"{'classifier__solver': 'lbfgs', 'classifier__max_iter': 100, 'classifier__C': 0.0001}",0.40323275862068964,0.40488505747126435,0.4248246639392168,0.41098082667705693,0.009812284663582934,17,0.4292234135033324,0.4344755143436685,0.41936063218390807,0.427686520010303,0.006265591053925562,3
2068.1601827939353,54.620369351948106,0.8543347517649332,0.12701676809543835,lbfgs,100,0.03,"{'classifier__solver': 'lbfgs', 'classifier__max_iter': 100, 'classifier__C': 0.03}",0.9130028735632184,0.8941091954022988,0.9104324956165984,0.9058481881940387,0.00836678650062279,9,0.9762749927557229,0.9784120544769632,0.9750718390804598,0.9765862954377154,0.0013812896736073296,3
1481.9998400211334,50.27035508476793,0.667489210764567,0.14003581523269346,lbfgs,300,0.1,"{'classifier__solver': 'lbfgs', 'classifier__max_iter': 300, 'classifier__C': 0.1}",0.9183908045977012,0.9037356321839081,0.9165692577440093,0.9128985648418729,0.006521707823663314,1,0.9935888148362794,0.9938785859171255,0.9929597701149425,0.9934757236227824,0.00038353429791258543,3
1397.9970767498016,55.392376239945854,1.0758344332377117,0.14802747868399804,lbfgs,500,0.3,"{'classifier__solver': 'lbfgs', 'classifier__max_iter': 500, 'classifier__C': 0.3}",0.9148706896551724,0.9025862068965518,0.9135008766803039,0.9103192577440092,0.005496614318745232,3,0.9985149232106636,0.9977904955085483,0.9977729885057471,0.9980261357416529,0.00034569882478163933,3
2474.3012533982596,37.281004042207265,0.507793664932251,0.07215889669593388,lbfgs,1000,0.01,"{'classifier__solver': 'lbfgs', 'classifier__max_iter': 1000, 'classifier__C': 0.01}",0.8946120689655173,0.875,0.8880771478667446,0.885896405610754,0.008153732882034206,12,0.9462474645030426,0.9487105186902347,0.9463002873563219,0.9470860901831997,0.0011488468259688398,3
2202.307256539663,54.47626243269581,0.8656165599822998,0.10493096089246687,lbfgs,300,0.03,"{'classifier__solver': 'lbfgs', 'classifier__max_iter': 300, 'classifier__C': 0.03}",0.9130028735632184,0.8941091954022988,0.9104324956165984,0.9058481881940387,0.00836678650062279,9,0.9762749927557229,0.9784120544769632,0.9750718390804598,0.9765862954377154,0.0013812896736073296,3
2133.684303998947,68.26503245056517,0.6337308088938395,0.07171417659409805,lbfgs,1000,0.03,"{'classifier__solver': 'lbfgs', 'classifier__max_iter': 1000, 'classifier__C': 0.03}",0.9130028735632184,0.8941091954022988,0.9104324956165984,0.9058481881940387,0.00836678650062279,9,0.9762749927557229,0.9784120544769632,0.9750718390804598,0.9765862954377154,0.0013812896736073296,3
353.1432604789734,11.272291256468081,0.8174700736999512,0.13119573659378828,lbfgs,300,0.0001,"{'classifier__solver': 'lbfgs', 'classifier__max_iter': 300, 'classifier__C': 0.0001}",0.40323275862068964,0.40488505747126435,0.4248246639392168,0.41098082667705693,0.009812284663582934,17,0.4292234135033324,0.4344755143436685,0.41936063218390807,0.427686520010303,0.006265591053925562,3
625.7445402145386,22.342853889555794,0.6886578400929769,0.10159613598680106,lbfgs,100,0.0003,"{'classifier__solver': 'lbfgs', 'classifier__max_iter': 100, 'classifier__C': 0.0003}",0.563433908045977,0.5563218390804597,0.5848188194038574,0.5681915221767647,0.012110481439676711,15,0.5935598377281948,0.6035931614024921,0.5830818965517242,0.593411631894137,0.008374344558293246,3
637.7552386124929,36.08212499620544,0.6999487082163492,0.14809261966984547,lbfgs,300,0.0003,"{'classifier__solver': 'lbfgs', 'classifier__max_iter': 300, 'classifier__C': 0.0003}",0.563433908045977,0.5563218390804597,0.5848188194038574,0.5681915221767647,0.012110481439676711,15,0.5935598377281948,0.6035931614024921,0.5830818965517242,0.593411631894137,0.008374344558293246,3
362.69352809588116,11.402185147668696,0.9691476027170817,0.11793526389999247,lbfgs,500,0.0001,"{'classifier__solver': 'lbfgs', 'classifier__max_iter': 500, 'classifier__C': 0.0001}",0.40323275862068964,0.40488505747126435,0.4248246639392168,0.41098082667705693,0.009812284663582934,17,0.4292234135033324,0.4344755143436685,0.41936063218390807,0.427686520010303,0.006265591053925562,3
1145.5764048099518,37.059101066481674,0.29977162679036456,0.08830536007870325,lbfgs,100,0.1,"{'classifier__solver': 'lbfgs', 'classifier__max_iter': 100, 'classifier__C': 0.1}",0.9183908045977012,0.9037356321839081,0.9165692577440093,0.9128985648418729,0.006521707823663314,1,0.9935888148362794,0.9938785859171255,0.9929597701149425,0.9934757236227824,0.00038353429791258543,3
1056.3863747914631,38.24764453485084,0.332640806833903,0.08555446097000566,lbfgs,1000,0.3,"{'classifier__solver': 'lbfgs', 'classifier__max_iter': 1000, 'classifier__C': 0.3}",0.9148706896551724,0.9025862068965518,0.9135008766803039,0.9103192577440092,0.005496614318745232,3,0.9985149232106636,0.9977904955085483,0.9977729885057471,0.9980261357416529,0.00034569882478163933,3
364.7861308256785,13.286783120707211,0.6775303681691488,0.19390330378629606,lbfgs,1000,0.0001,"{'classifier__solver': 'lbfgs', 'classifier__max_iter': 1000, 'classifier__C': 0.0001}",0.40323275862068964,0.40488505747126435,0.4248246639392168,0.41098082667705693,0.009812284663582934,17,0.4292234135033324,0.4344755143436685,0.41936063218390807,0.427686520010303,0.006265591053925562,3
806.9762694040934,33.71992962412377,0.19936211903889975,0.0656302149001438,lbfgs,500,1.0,"{'classifier__solver': 'lbfgs', 'classifier__max_iter': 500, 'classifier__C': 1.0}",0.914367816091954,0.8970545977011494,0.9093366452367037,0.906919686343269,0.0072717788049114435,6,0.9996740075340481,0.9995291219936251,0.9994612068965517,0.9995547788080749,8.874958000090482e-05,3
676.1022384166718,35.43431583252349,0.13230474789937338,0.026765427993582672,lbfgs,100,1.0,"{'classifier__solver': 'lbfgs', 'classifier__max_iter': 100, 'classifier__C': 1.0}",0.914367816091954,0.8970545977011494,0.9093366452367037,0.906919686343269,0.0072717788049114435,6,0.9996740075340481,0.9995291219936251,0.9994612068965517,0.9995547788080749,8.874958000090482e-05,3
2392.615188598633,106.0662395296008,0.5526148478190104,0.12651145518009582,lbfgs,300,0.01,"{'classifier__solver': 'lbfgs', 'classifier__max_iter': 300, 'classifier__C': 0.01}",0.8929597701149425,0.8792385057471265,0.8883693746347165,0.8868558834989285,0.005702997196004712,12,0.9460301361924079,0.9476963199072732,0.9466235632183908,0.9467833397726907,0.0006895353282699412,4
1599.369870185852,239.18559459229132,0.9437112808227539,0.03714316139844885,lbfgs,300,1.0,"{'classifier__solver': 'lbfgs', 'classifier__max_iter': 300, 'classifier__C': 1.0}",0.9130028735632184,0.8953304597701149,0.9043687901811805,0.9042340411715046,0.007215361866202551,9,0.9995653433787308,0.9995291219936251,0.9998204022988506,0.9996382892237355,0.00012961963915151473,4
2445.302521546682,32.10358247868507,0.5758670965830485,0.04059044689868169,lbfgs,100,0.01,"{'classifier__solver': 'lbfgs', 'classifier__max_iter': 100, 'classifier__C': 0.01}",0.8929597701149425,0.8792385057471265,0.8883693746347165,0.8868558834989285,0.005702997196004712,12,0.9460301361924079,0.9476963199072732,0.9466235632183908,0.9467833397726907,0.0006895353282699412,4
1452.954488992691,168.55341148695854,0.8952457904815674,0.05296579834845119,lbfgs,300,0.3,"{'classifier__solver': 'lbfgs', 'classifier__max_iter': 300, 'classifier__C': 0.3}",0.9139367816091954,0.9001436781609196,0.9093366452367037,0.9078057016689396,0.005734123986537018,3,0.9985511445957693,0.9980440452042886,0.998742816091954,0.998446001964004,0.00029480097028684724,4
357.95156685511273,8.63048081524305,1.0703295866648357,0.11051545988245895,lbfgs,100,0.0001,"{'classifier__solver': 'lbfgs', 'classifier__max_iter': 100, 'classifier__C': 0.0001}",0.4014367816091954,0.4064655172413793,0.41664231443600236,0.4081815377621923,0.006325114067886562,17,0.4292234135033324,0.42701390901188063,0.41501436781609197,0.4237505634437683,0.006242932700700314,4
2232.7332504590354,194.07319560595548,0.6637859344482422,0.04598544857348642,lbfgs,100,0.03,"{'classifier__solver': 'lbfgs', 'classifier__max_iter': 100, 'classifier__C': 0.03}",0.9114942528735632,0.8989224137931034,0.907802454704851,0.9060730404571725,0.005276105868049454,6,0.976745870762098,0.9777600695450595,0.9760057471264367,0.9768372291445314,0.0007191066460784095,4
1449.6308524608612,125.74454589006821,0.5557357470194498,0.022169836420432784,lbfgs,300,0.1,"{'classifier__solver': 'lbfgs', 'classifier__max_iter': 300, 'classifier__C': 0.1}",0.9165948275862069,0.9044540229885057,0.9135008766803039,0.9115165757516722,0.005151237501896474,1,0.9940234714575485,0.9938785859171255,0.9935344827586207,0.9938121800444315,0.00020507688292602114,4
1604.6209586461384,108.40790811871906,1.0553752581278484,0.12831064883386273,lbfgs,500,0.3,"{'classifier__solver': 'lbfgs', 'classifier__max_iter': 500, 'classifier__C': 0.3}",0.9139367816091954,0.9001436781609196,0.9093366452367037,0.9078057016689396,0.005734123986537018,3,0.9985511445957693,0.9980440452042886,0.998742816091954,0.998446001964004,0.00029480097028684724,4
2480.9177622000375,31.848010894898398,0.5747129122416178,0.06863033217355922,lbfgs,1000,0.01,"{'classifier__solver': 'lbfgs', 'classifier__max_iter': 1000, 'classifier__C': 0.01}",0.8929597701149425,0.8792385057471265,0.8883693746347165,0.8868558834989285,0.005702997196004712,12,0.9460301361924079,0.9476963199072732,0.9466235632183908,0.9467833397726907,0.0006895353282699412,4
2315.5266822973886,108.64436894577932,0.7532897790273031,0.219586917886181,lbfgs,300,0.03,"{'classifier__solver': 'lbfgs', 'classifier__max_iter': 300, 'classifier__C': 0.03}",0.9114942528735632,0.8989224137931034,0.907802454704851,0.9060730404571725,0.005276105868049454,6,0.976745870762098,0.9777600695450595,0.9760057471264367,0.9768372291445314,0.0007191066460784095,4
2289.2546594142914,92.27341640184041,0.6858011881510416,0.23492777065526255,lbfgs,1000,0.03,"{'classifier__solver': 'lbfgs', 'classifier__max_iter': 1000, 'classifier__C': 0.03}",0.9114942528735632,0.8989224137931034,0.907802454704851,0.9060730404571725,0.005276105868049454,6,0.976745870762098,0.9777600695450595,0.9760057471264367,0.9768372291445314,0.0007191066460784095,4
369.2075005372365,13.486681586039236,0.8070082664489746,0.06747234948692106,lbfgs,300,0.0001,"{'classifier__solver': 'lbfgs', 'classifier__max_iter': 300, 'classifier__C': 0.0001}",0.4014367816091954,0.4064655172413793,0.41664231443600236,0.4081815377621923,0.006325114067886562,17,0.4292234135033324,0.42701390901188063,0.41501436781609197,0.4237505634437683,0.006242932700700314,4
630.8785265286764,50.98305626590014,0.8835382461547852,0.08001536837194789,lbfgs,100,0.0003,"{'classifier__solver': 'lbfgs', 'classifier__max_iter': 100, 'classifier__C': 0.0003}",0.5576867816091954,0.5557471264367816,0.5728375219170077,0.5620904766543282,0.007640453824022428,15,0.5912416690814257,0.5921109823239641,0.5790229885057471,0.5874585466370457,0.0059753888084542826,4
568.7466204166412,21.553057592510886,0.615817149480184,0.15146086695741706,lbfgs,300,0.0003,"{'classifier__solver': 'lbfgs', 'classifier__max_iter': 300, 'classifier__C': 0.0003}",0.5576867816091954,0.5557471264367816,0.5728375219170077,0.5620904766543282,0.007640453824022428,15,0.5912416690814257,0.5921109823239641,0.5790229885057471,0.5874585466370457,0.0059753888084542826,4
389.1927293141683,1.4141888824000604,0.971098264058431,0.07041119418733692,lbfgs,500,0.0001,"{'classifier__solver': 'lbfgs', 'classifier__max_iter': 500, 'classifier__C': 0.0001}",0.4014367816091954,0.4064655172413793,0.41664231443600236,0.4081815377621923,0.006325114067886562,17,0.4292234135033324,0.42701390901188063,0.41501436781609197,0.4237505634437683,0.006242932700700314,4
1148.7030793825786,30.211891791680202,0.22442118326822916,0.0628865630022722,lbfgs,100,0.1,"{'classifier__solver': 'lbfgs', 'classifier__max_iter': 100, 'classifier__C': 0.1}",0.9165948275862069,0.9044540229885057,0.9135008766803039,0.9115165757516722,0.005151237501896474,1,0.9940234714575485,0.9938785859171255,0.9935344827586207,0.9938121800444315,0.00020507688292602114,4
992.7526541550955,4.450469128625085,0.2144489288330078,0.06516843057558658,lbfgs,1000,0.3,"{'classifier__solver': 'lbfgs', 'classifier__max_iter': 1000, 'classifier__C': 0.3}",0.9139367816091954,0.9001436781609196,0.9093366452367037,0.9078057016689396,0.005734123986537018,3,0.9985511445957693,0.9980440452042886,0.998742816091954,0.998446001964004,0.00029480097028684724,4
386.62903412183124,4.371674269323098,0.7737850348154703,0.14333621794436657,lbfgs,1000,0.0001,"{'classifier__solver': 'lbfgs', 'classifier__max_iter': 1000, 'classifier__C': 0.0001}",0.4014367816091954,0.4064655172413793,0.41664231443600236,0.4081815377621923,0.006325114067886562,17,0.4292234135033324,0.42701390901188063,0.41501436781609197,0.4237505634437683,0.006242932700700314,4
827.1435338656107,23.706496644664234,0.19731839497884116,0.09448856240787631,lbfgs,500,1.0,"{'classifier__solver': 'lbfgs', 'classifier__max_iter': 500, 'classifier__C': 1.0}",0.9130028735632184,0.8953304597701149,0.9043687901811805,0.9042340411715046,0.007215361866202551,9,0.9995653433787308,0.9995291219936251,0.9998204022988506,0.9996382892237355,0.00012961963915151473,4
788.4966375827789,16.265591650651476,0.22738162676493326,0.08815201142517204,lbfgs,100,1.0,"{'classifier__solver': 'lbfgs', 'classifier__max_iter': 100, 'classifier__C': 1.0}",0.9130028735632184,0.8953304597701149,0.9043687901811805,0.9042340411715046,0.007215361866202551,9,0.9995653433787308,0.9995291219936251,0.9998204022988506,0.9996382892237355,0.00012961963915151473,4
2502.5317154725394,208.7551362686981,0.5928196907043457,0.1640478001512573,lbfgs,300,0.01,"{'classifier__solver': 'lbfgs', 'classifier__max_iter': 300, 'classifier__C': 0.01}",0.8956896551724138,0.8819683908045977,0.8892241379310345,0.8889607279693487,0.005604778471317249,12,0.9456896551724138,0.9482399425287357,0.945294540229885,0.9464080459770114,0.0013053512136883807,5
1415.2374231815338,132.46188263732995,0.9291158517201742,0.1454301518802301,lbfgs,300,1.0,"{'classifier__solver': 'lbfgs', 'classifier__max_iter': 300, 'classifier__C': 1.0}",0.9117816091954023,0.9,0.9091954022988505,0.906992337164751,0.0050558020001519564,9,0.9997126436781609,0.9995330459770115,0.9997844827586206,0.999676724137931,0.00010574426324622791,5
2366.585768779119,116.88264486249419,0.5140508015950521,0.10047466225029221,lbfgs,100,0.01,"{'classifier__solver': 'lbfgs', 'classifier__max_iter': 100, 'classifier__C': 0.01}",0.8956896551724138,0.8819683908045977,0.8892241379310345,0.8889607279693487,0.005604778471317249,12,0.9456896551724138,0.9482399425287357,0.945294540229885,0.9464080459770114,0.0013053512136883807,5
1388.9114853541057,195.30115899696725,0.6573487917582194,0.14985619616403803,lbfgs,300,0.3,"{'classifier__solver': 'lbfgs', 'classifier__max_iter': 300, 'classifier__C': 0.3}",0.9176005747126437,0.9032327586206896,0.914367816091954,0.9117337164750957,0.006154261147459972,3,0.9983117816091954,0.9981681034482759,0.9979525862068965,0.9981441570881225,0.0001476152778488935,5
353.84329319000244,26.347911930394247,0.8821447690327963,0.18096314956083356,lbfgs,100,0.0001,"{'classifier__solver': 'lbfgs', 'classifier__max_iter': 100, 'classifier__C': 0.0001}",0.413433908045977,0.41170977011494253,0.41508620689655173,0.4134099616858238,0.001378528540672825,17,0.429382183908046,0.43189655172413793,0.4267600574712644,0.4293462643678161,0.0020971188112071746,5
2358.8893605073295,209.20691147869215,0.736522912979126,0.21468928875702936,lbfgs,100,0.03,"{'classifier__solver': 'lbfgs', 'classifier__max_iter': 100, 'classifier__C': 0.03}",0.9145833333333333,0.9009339080459771,0.9082614942528736,0.907926245210728,0.005577394649175347,6,0.9760416666666667,0.9777658045977011,0.9757902298850575,0.9765325670498085,0.0008780513466139231,5
1658.7239342530568,31.52293575247934,1.1006316343943279,0.11721714270489006,lbfgs,300,0.1,"{'classifier__solver': 'lbfgs', 'classifier__max_iter': 300, 'classifier__C': 0.1}",0.9218390804597701,0.905316091954023,0.9165948275862069,0.9145833333333333,0.0068938073243199425,1,0.9932112068965517,0.9939295977011494,0.9931752873563219,0.9934386973180076,0.00034742859503223604,5
1525.5127566655476,46.34805651320583,1.1334492365519206,0.1533747071435498,lbfgs,500,0.3,"{'classifier__solver': 'lbfgs', 'classifier__max_iter': 500, 'classifier__C': 0.3}",0.9176005747126437,0.9032327586206896,0.914367816091954,0.9117337164750957,0.006154261147459972,3,0.9983117816091954,0.9981681034482759,0.9979525862068965,0.9981441570881225,0.0001476152778488935,5
2632.4877841472626,82.70015727632449,0.5785542329152426,0.13078451858729076,lbfgs,1000,0.01,"{'classifier__solver': 'lbfgs', 'classifier__max_iter': 1000, 'classifier__C': 0.01}",0.8956896551724138,0.8819683908045977,0.8892241379310345,0.8889607279693487,0.005604778471317249,12,0.9456896551724138,0.9482399425287357,0.945294540229885,0.9464080459770114,0.0013053512136883807,5
2404.7276004950204,119.34468777670693,0.8406217098236084,0.09315067727075955,lbfgs,300,0.03,"{'classifier__solver': 'lbfgs', 'classifier__max_iter': 300, 'classifier__C': 0.03}",0.9145833333333333,0.9009339080459771,0.9082614942528736,0.907926245210728,0.005577394649175347,6,0.9760416666666667,0.9777658045977011,0.9757902298850575,0.9765325670498085,0.0008780513466139231,5
2173.4798897107444,83.53707091790918,0.6395637194315592,0.28685330224132816,lbfgs,1000,0.03,"{'classifier__solver': 'lbfgs', 'classifier__max_iter': 1000, 'classifier__C': 0.03}",0.9145833333333333,0.9009339080459771,0.9082614942528736,0.907926245210728,0.005577394649175347,6,0.9760416666666667,0.9777658045977011,0.9757902298850575,0.9765325670498085,0.0008780513466139231,5
398.0863154729207,7.370459912082894,1.0234688917795818,0.06813555187997056,lbfgs,300,0.0001,"{'classifier__solver': 'lbfgs', 'classifier__max_iter': 300, 'classifier__C': 0.0001}",0.413433908045977,0.41170977011494253,0.41508620689655173,0.4134099616858238,0.001378528540672825,17,0.429382183908046,0.43189655172413793,0.4267600574712644,0.4293462643678161,0.0020971188112071746,5
675.9289166132609,66.58519396892967,0.8782986799875895,0.16568361357997574,lbfgs,100,0.0003,"{'classifier__solver': 'lbfgs', 'classifier__max_iter': 100, 'classifier__C': 0.0003}",0.5757902298850575,0.5645833333333333,0.5723419540229885,0.5709051724137931,0.004686639778821861,15,0.5917025862068965,0.5983836206896552,0.589367816091954,0.5931513409961686,0.003820589044075248,5
623.4535605112711,55.05156231060641,0.792250394821167,0.2429046799512669,lbfgs,300,0.0003,"{'classifier__solver': 'lbfgs', 'classifier__max_iter': 300, 'classifier__C': 0.0003}",0.5757902298850575,0.5645833333333333,0.5723419540229885,0.5709051724137931,0.004686639778821861,15,0.5917025862068965,0.5983836206896552,0.589367816091954,0.5931513409961686,0.003820589044075248,5
388.5109821955363,11.444993491358817,0.9962518215179443,0.09215557043169577,lbfgs,500,0.0001,"{'classifier__solver': 'lbfgs', 'classifier__max_iter': 500, 'classifier__C': 0.0001}",0.413433908045977,0.41170977011494253,0.41508620689655173,0.4134099616858238,0.001378528540672825,17,0.429382183908046,0.43189655172413793,0.4267600574712644,0.4293462643678161,0.0020971188112071746,5
1177.0727407932281,50.72584666636943,0.25228103001912433,0.06350867260643353,lbfgs,100,0.1,"{'classifier__solver': 'lbfgs', 'classifier__max_iter': 100, 'classifier__C': 0.1}",0.9218390804597701,0.905316091954023,0.9165948275862069,0.9145833333333333,0.0068938073243199425,1,0.9932112068965517,0.9939295977011494,0.9931752873563219,0.9934386973180076,0.00034742859503223604,5
1084.6709434191387,42.08899303892064,0.32139913241068524,0.08651227464919699,lbfgs,1000,0.3,"{'classifier__solver': 'lbfgs', 'classifier__max_iter': 1000, 'classifier__C': 0.3}",0.9176005747126437,0.9032327586206896,0.914367816091954,0.9117337164750957,0.006154261147459972,3,0.9983117816091954,0.9981681034482759,0.9979525862068965,0.9981441570881225,0.0001476152778488935,5
325.80833411216736,23.21906673401163,0.8066625595092773,0.0699232805874922,lbfgs,1000,0.0001,"{'classifier__solver': 'lbfgs', 'classifier__max_iter': 1000, 'classifier__C': 0.0001}",0.413433908045977,0.41170977011494253,0.41508620689655173,0.4134099616858238,0.001378528540672825,17,0.429382183908046,0.43189655172413793,0.4267600574712644,0.4293462643678161,0.0020971188112071746,5
894.1586898167928,49.64159835070606,0.25531673431396484,0.09376211916913861,lbfgs,500,1.0,"{'classifier__solver': 'lbfgs', 'classifier__max_iter': 500, 'classifier__C': 1.0}",0.9117816091954023,0.9,0.9091954022988505,0.906992337164751,0.0050558020001519564,9,0.9997126436781609,0.9995330459770115,0.9997844827586206,0.999676724137931,0.00010574426324622791,5
811.4782528877258,48.66981653173147,0.18036707242329916,0.10153171529800459,lbfgs,100,1.0,"{'classifier__solver': 'lbfgs', 'classifier__max_iter': 100, 'classifier__C': 1.0}",0.9117816091954023,0.9,0.9091954022988505,0.906992337164751,0.0050558020001519564,9,0.9997126436781609,0.9995330459770115,0.9997844827586206,0.999676724137931,0.00010574426324622791,5
