mean_fit_time,std_fit_time,mean_score_time,std_score_time,param_classifier__solver,param_classifier__max_iter,param_classifier__C,params,split0_test_score,split1_test_score,split2_test_score,mean_test_score,std_test_score,rank_test_score,split0_train_score,split1_train_score,split2_train_score,mean_train_score,std_train_score
2876.901159842809,38.08111828188525,0.5374507109324137,0.09028236867277503,lbfgs,300,0.01,"{'classifier__solver': 'lbfgs', 'classifier__max_iter': 300, 'classifier__C': 0.01}",0.9024137931034483,0.8929310344827586,0.8951537744641193,0.8968328673501086,0.004049295614005106,12,0.9473212219393659,0.9490569312659106,0.949367816091954,0.9485819897657435,0.0009004865269352008
1873.1790543397267,249.11843359334136,0.900055726369222,0.11782796609143101,lbfgs,300,1.0,"{'classifier__solver': 'lbfgs', 'classifier__max_iter': 300, 'classifier__C': 1.0}",0.9205747126436782,0.9120689655172414,0.9052889095992545,0.9126441959200579,0.006253644867353857,9,0.9990164313816247,0.9993346447581578,0.9995114942528736,0.9992875234642188,0.00020483672177155178
2882.3200057347617,46.36205424536986,0.5201068719228109,0.10634264726612336,lbfgs,100,0.01,"{'classifier__solver': 'lbfgs', 'classifier__max_iter': 100, 'classifier__C': 0.01}",0.9024137931034483,0.8929310344827586,0.8951537744641193,0.8968328673501086,0.004049295614005106,12,0.9473212219393659,0.9490569312659106,0.949367816091954,0.9485819897657435,0.0009004865269352008
1765.2345791657765,90.0851888926352,0.7913424968719482,0.18328299924644045,lbfgs,300,0.3,"{'classifier__solver': 'lbfgs', 'classifier__max_iter': 300, 'classifier__C': 0.3}",0.9240229885057472,0.9156896551724137,0.9097157502329916,0.9164761313037175,0.005867320528553814,3,0.9970492941448739,0.9971939365887525,0.997183908045977,0.9971423795932012,6.594855790825463e-05
405.5056875546773,13.378408994633604,0.7210518519083658,0.06467440358283816,lbfgs,100,0.0001,"{'classifier__solver': 'lbfgs', 'classifier__max_iter': 100, 'classifier__C': 0.0001}",0.4403448275862069,0.43528735632183907,0.4411696178937558,0.43893393393393393,0.002600412271625435,17,0.44578801203425134,0.46340546169868085,0.45229885057471264,0.45383077476921496,0.0072734094239658605
2547.687598546346,38.2234338553936,0.7707077662150065,0.16936894513429232,lbfgs,100,0.03,"{'classifier__solver': 'lbfgs', 'classifier__max_iter': 100, 'classifier__C': 0.03}",0.9195402298850575,0.9102298850574713,0.9124534016775396,0.9140745055400229,0.0039700221243597275,6,0.9738486461467253,0.9761918537375608,0.9761206896551724,0.9753870631798195,0.0010882130022629867
1718.308080593745,71.44204809380908,0.8371679782867432,0.0793399176070146,lbfgs,300,0.1,"{'classifier__solver': 'lbfgs', 'classifier__max_iter': 300, 'classifier__C': 0.1}",0.9260919540229885,0.9157471264367816,0.9148998136067101,0.9189129646888268,0.005088084161581656,1,0.9913503818560518,0.9921314510529969,0.9922701149425287,0.9919173159505258,0.0004048601562455832
1780.6356788476307,90.62348241207334,1.1254590352376301,0.26638261990008394,lbfgs,500,0.3,"{'classifier__solver': 'lbfgs', 'classifier__max_iter': 500, 'classifier__C': 0.3}",0.9240229885057472,0.9156896551724137,0.9097157502329916,0.9164761313037175,0.005867320528553814,3,0.9970492941448739,0.9971939365887525,0.997183908045977,0.9971423795932012,6.594855790825463e-05
2900.4010667800903,35.8540096637151,0.5372505982716879,0.10253743477402555,lbfgs,1000,0.01,"{'classifier__solver': 'lbfgs', 'classifier__max_iter': 1000, 'classifier__C': 0.01}",0.9024137931034483,0.8929310344827586,0.8951537744641193,0.8968328673501086,0.004049295614005106,12,0.9473212219393659,0.9490569312659106,0.949367816091954,0.9485819897657435,0.0009004865269352008
2559.028920571009,30.26761591731085,0.8422550360361735,0.22619978075154865,lbfgs,300,0.03,"{'classifier__solver': 'lbfgs', 'classifier__max_iter': 300, 'classifier__C': 0.03}",0.9195402298850575,0.9102298850574713,0.9124534016775396,0.9140745055400229,0.0039700221243597275,6,0.9738486461467253,0.9761918537375608,0.9761206896551724,0.9753870631798195,0.0010882130022629867
2514.2039551734924,45.7687966078044,0.8729800383249918,0.29005603162630816,lbfgs,1000,0.03,"{'classifier__solver': 'lbfgs', 'classifier__max_iter': 1000, 'classifier__C': 0.03}",0.9195402298850575,0.9102298850574713,0.9124534016775396,0.9140745055400229,0.0039700221243597275,6,0.9738486461467253,0.9761918537375608,0.9761206896551724,0.9753870631798195,0.0010882130022629867
410.3919289112091,13.498150213268659,0.6956504980723063,0.11445000906973941,lbfgs,300,0.0001,"{'classifier__solver': 'lbfgs', 'classifier__max_iter': 300, 'classifier__C': 0.0001}",0.4403448275862069,0.43528735632183907,0.4411696178937558,0.43893393393393393,0.002600412271625435,17,0.44578801203425134,0.46340546169868085,0.45229885057471264,0.45383077476921496,0.0072734094239658605
838.6601714293162,28.27948921015353,0.8133947054545084,0.044070450157821614,lbfgs,100,0.0003,"{'classifier__solver': 'lbfgs', 'classifier__max_iter': 100, 'classifier__C': 0.0003}",0.6055172413793104,0.593735632183908,0.6037977632805219,0.6010168789479134,0.005196252948796084,15,0.6158007405693127,0.6301203425133071,0.6193103448275862,0.621743809303402,0.006093934797534627
852.6838370164236,40.131785917710616,0.6839276154836019,0.09139476299036044,lbfgs,300,0.0003,"{'classifier__solver': 'lbfgs', 'classifier__max_iter': 300, 'classifier__C': 0.0003}",0.6055172413793104,0.593735632183908,0.6037977632805219,0.6010168789479134,0.005196252948796084,15,0.6158007405693127,0.6301203425133071,0.6193103448275862,0.621743809303402,0.006093934797534627
412.7645167509715,19.049658882630055,0.744790236155192,0.024186085937580044,lbfgs,500,0.0001,"{'classifier__solver': 'lbfgs', 'classifier__max_iter': 500, 'classifier__C': 0.0001}",0.4403448275862069,0.43528735632183907,0.4411696178937558,0.43893393393393393,0.002600412271625435,17,0.44578801203425134,0.46340546169868085,0.45229885057471264,0.45383077476921496,0.0072734094239658605
1255.1843013763428,29.561946605987313,0.30184443791707355,0.01930470251296773,lbfgs,100,0.1,"{'classifier__solver': 'lbfgs', 'classifier__max_iter': 100, 'classifier__C': 0.1}",0.9260919540229885,0.9157471264367816,0.9148998136067101,0.9189129646888268,0.005088084161581656,1,0.9913503818560518,0.9921314510529969,0.9922701149425287,0.9919173159505258,0.0004048601562455832
1201.8174488544464,32.51172411030591,0.23962783813476562,0.041246014580692734,lbfgs,1000,0.3,"{'classifier__solver': 'lbfgs', 'classifier__max_iter': 1000, 'classifier__C': 0.3}",0.9240229885057472,0.9156896551724137,0.9097157502329916,0.9164761313037175,0.005867320528553814,3,0.9970492941448739,0.9971939365887525,0.997183908045977,0.9971423795932012,6.594855790825463e-05
406.8905786673228,16.680965963020824,0.6268044312795004,0.04552237722845537,lbfgs,1000,0.0001,"{'classifier__solver': 'lbfgs', 'classifier__max_iter': 1000, 'classifier__C': 0.0001}",0.4403448275862069,0.43528735632183907,0.4411696178937558,0.43893393393393393,0.002600412271625435,17,0.44578801203425134,0.46340546169868085,0.45229885057471264,0.45383077476921496,0.0072734094239658605
838.6864391962687,86.68574559744692,0.1370422045389811,0.047147110801030595,lbfgs,500,1.0,"{'classifier__solver': 'lbfgs', 'classifier__max_iter': 500, 'classifier__C': 1.0}",0.9205747126436782,0.9120689655172414,0.9052889095992545,0.9126441959200579,0.006253644867353857,9,0.9990164313816247,0.9993346447581578,0.9995114942528736,0.9992875234642188,0.00020483672177155178
712.5348768234253,6.349062850549612,0.09064356486002605,0.02576161146211894,lbfgs,100,1.0,"{'classifier__solver': 'lbfgs', 'classifier__max_iter': 100, 'classifier__C': 1.0}",0.9205747126436782,0.9120689655172414,0.9052889095992545,0.9126441959200579,0.006253644867353857,9,0.9990164313816247,0.9993346447581578,0.9995114942528736,0.9992875234642188,0.00020483672177155178
