region_i,region_j,network_i,network_j,rest_connectivity,task_connectivity,change,abs_change,pct_change
LH_SomMotA_3,RH_SomMotA_4,Somatomotor,Somatomotor,0.5927179606774434,0.07629179078322738,-0.5164261698942161,0.5164261698942161,-87.128483385921
LH_SomMotA_3,RH_SomMotA_6,Somatomotor,Somatomotor,0.46216521304181973,0.05975044024162466,-0.40241477280019505,0.40241477280019505,-87.07162751424606
LH_SomMotA_2,RH_SomMotA_4,Somatomotor,Somatomotor,0.44157648015747597,0.1131893670647041,-0.32838711309277185,0.32838711309277185,-74.36698462193043
LH_SomMotA_3,RH_SomMotA_1,Somatomotor,Somatomotor,0.33223755993513227,0.03949506371152561,-0.29274249622360665,0.29274249622360665,-88.11240254737098
LH_SomMotA_4,RH_SomMotA_4,Somatomotor,Somatomotor,0.39492657408735715,0.10576893223740305,-0.2891576418499541,0.2891576418499541,-73.21807668125996
LH_SomMotA_4,RH_SomMotA_6,Somatomotor,Somatomotor,0.5567382136972504,0.27998204214631617,-0.27675617155093424,0.27675617155093424,-49.71028838006653
LH_SomMotA_2,RH_SomMotA_6,Somatomotor,Somatomotor,0.4744648495851246,0.20271889798383375,-0.27174595160129084,0.27174595160129084,-57.2742009948487
LH_DorsAttnB_PostC_1,LH_SomMotB_Cent_1,DorsalAttention,Somatomotor,0.37267277145319566,0.12322071158951431,-0.24945205986368135,0.24945205986368135,-66.93594997320868
LH_SomMotA_3,RH_SomMotA_2,Somatomotor,Somatomotor,0.4749198218965683,0.2328913434098257,-0.24202847848674258,0.24202847848674258,-50.96196606833846
RH_DefaultC_Rsp_1,RH_SalVentAttnA_ParOper_1,DefaultMode,VentralAttention,-0.1559965155134159,0.08163701127081223,0.2376335267842281,0.2376335267842281,152.33258640561834
LH_SomMotA_3,RH_SomMotA_7,Somatomotor,Somatomotor,0.2959444634581306,0.06266903113445936,-0.2332754323236712,0.2332754323236712,-78.82405691859627
LH_DefaultC_Rsp_1,RH_SalVentAttnA_ParOper_1,DefaultMode,VentralAttention,-0.21611095273453293,0.012788852222882261,0.2288998049574152,0.2288998049574152,105.91772515972009
RH_DefaultB_PFCv_1,RH_SalVentAttnA_FrOper_1,DefaultMode,VentralAttention,0.2957141031342282,0.07482967330362349,-0.2208844298306047,0.2208844298306047,-74.69526393549873
RH_ContB_IPL_2,RH_DefaultB_Temp_1,FrontoParietal,DefaultMode,0.026013987468965778,0.24325549315349754,0.21724150568453177,0.21724150568453177,835.0949885852639
LH_DorsAttnB_PostC_1,RH_SomMotB_Cent_1,DorsalAttention,Somatomotor,0.2805933731480833,0.06641639763523155,-0.21417697551285175,0.21417697551285175,-76.33001916970424
LH_DefaultA_pCunPCC_1,RH_ContC_pCun_2,DefaultMode,FrontoParietal,0.4685902665919907,0.2546108424286369,-0.2139794241633538,0.2139794241633538,-45.664504668354375
LH_SalVentAttnA_ParOper_1,LH_SomMotB_Cent_1,VentralAttention,Somatomotor,0.3774770888337747,0.1652174013591463,-0.21225968747462837,0.21225968747462837,-56.231144552484025
RH_DorsAttnB_PostC_2,RH_SomMotB_Cent_1,DorsalAttention,Somatomotor,0.2618362851960492,0.04984548657196195,-0.21199079862408723,0.21199079862408723,-80.96310962606262
LH_ContC_pCun_2,LH_SalVentAttnA_FrOper_2,FrontoParietal,VentralAttention,-0.062441074692280545,0.1489272904401823,0.21136836513246285,0.21136836513246285,338.5085317222989
RH_ContB_IPL_1,RH_DefaultC_Rsp_1,FrontoParietal,DefaultMode,0.07190770254033678,-0.13655926781420452,-0.20846697035454131,0.20846697035454131,-289.9090959519967
RH_ContA_IPS_2,RH_DefaultA_IPL_1,FrontoParietal,DefaultMode,-0.12172951617183823,0.08669761563181778,0.20842713180365602,0.20842713180365602,171.22152322484547
LH_SalVentAttnA_ParOper_1,RH_SomMotB_Cent_1,VentralAttention,Somatomotor,0.30760529537900083,0.09962871083232315,-0.20797658454667767,0.20797658454667767,-67.611509837771
LH_SomMotA_7,RH_SomMotA_4,Somatomotor,Somatomotor,0.3820694210203362,0.17723286523555815,-0.20483655578477805,0.20483655578477805,-53.61239201968884
LH_ContC_pCun_1,RH_ContB_IPL_1,FrontoParietal,FrontoParietal,0.1962792774263337,-0.008514969836316326,-0.20479424726265003,0.20479424726265003,-104.33819094301084
LH_SomMotB_Cent_1,RH_DorsAttnB_PostC_2,Somatomotor,DorsalAttention,0.23671397467846342,0.03283131679642834,-0.20388265788203508,0.20388265788203508,-86.1303850602719
RH_ContA_IPS_1,RH_DefaultC_Rsp_1,FrontoParietal,DefaultMode,0.12853373913627092,-0.075021842298465,-0.2035555814347359,0.2035555814347359,-158.3674316195899
LH_DefaultA_IPL_1,RH_ContC_pCun_1,DefaultMode,FrontoParietal,0.06887532652457369,-0.13228932598979604,-0.2011646525143697,0.2011646525143697,-292.070706107792
LH_SomMotA_3,RH_SomMotA_11,Somatomotor,Somatomotor,0.5122931594408427,0.3111377701000952,-0.20115538934074756,0.20115538934074756,-39.26567935443535
LH_DefaultC_Rsp_1,RH_ContA_IPS_1,DefaultMode,FrontoParietal,0.04675883428491875,-0.15429042231438536,-0.20104925659930412,0.20104925659930412,-429.970634798629
LH_SomMotA_2,RH_SomMotA_1,Somatomotor,Somatomotor,0.5350321093693713,0.33440362417224456,-0.20062848519712673,0.20062848519712673,-37.49840087795897
LH_DefaultB_Temp_4,RH_ContA_IPS_1,DefaultMode,FrontoParietal,-0.13348176619120783,0.06570294765021462,0.19918471384142244,0.19918471384142244,149.2224140607321
LH_SomMotA_5,RH_SomMotA_4,Somatomotor,Somatomotor,0.3124634483197,0.11460872431489744,-0.19785472400480258,0.19785472400480258,-63.32091803658443
LH_SalVentAttnA_FrOper_2,RH_ContC_pCun_2,VentralAttention,FrontoParietal,-0.3389668031083199,-0.14137372746607557,0.19759307564224432,0.19759307564224432,58.29275133444312
RH_ContA_IPS_1,RH_DefaultB_Temp_1,FrontoParietal,DefaultMode,0.02730703677113608,0.22480121082058063,0.19749417404944455,0.19749417404944455,723.235463828132
RH_DorsAttnB_PostC_1,RH_SomMotB_Cent_1,DorsalAttention,Somatomotor,0.44769494200183585,0.2510866999123243,-0.19660824208951155,0.19660824208951155,-43.915671955191605
LH_SomMotB_S2_1,RH_SomMotA_4,Somatomotor,Somatomotor,0.23732398149458045,0.0410398387239998,-0.19628414277058065,0.19628414277058065,-82.70725172165672
RH_ContB_IPL_1,RH_ContC_pCun_1,FrontoParietal,FrontoParietal,0.17194378246057318,-0.02340637584080926,-0.19535015830138244,0.19535015830138244,-113.61280734078092
LH_SomMotA_3,RH_SomMotA_3,Somatomotor,Somatomotor,0.3908143484379427,0.19554390818487885,-0.19527044025306386,0.19527044025306386,-49.965013064015174
RH_ContA_IPS_2,RH_ContC_pCun_2,FrontoParietal,FrontoParietal,-0.09431028644508758,0.1009029778755784,0.195213264320666,0.195213264320666,206.99042668514153
LH_SomMotA_2,RH_SomMotA_2,Somatomotor,Somatomotor,0.27621416656017567,0.08143708063712385,-0.19477708592305182,0.19477708592305182,-70.51668940398751
LH_DorsAttnB_PostC_2,LH_SomMotB_Cent_1,DorsalAttention,Somatomotor,0.2551212434304593,0.06068565381887426,-0.19443558961158502,0.19443558961158502,-76.21301425045152
LH_DefaultC_IPL_1,RH_ContB_IPL_1,DefaultMode,FrontoParietal,0.03925448011681521,-0.15493024344309148,-0.19418472355990668,0.19418472355990668,-494.6816846944431
RH_ContA_IPS_1,RH_SalVentAttnA_ParMed_2,FrontoParietal,VentralAttention,0.010521453036243853,-0.1810919502989443,-0.19161340333518814,0.19161340333518814,-1821.168641585211
LH_SomMotA_3,RH_SomMotA_5,Somatomotor,Somatomotor,0.345081523595868,0.15370320935432394,-0.19137831424154408,0.19137831424154408,-55.458870196038404
LH_DefaultC_IPL_1,RH_SalVentAttnA_ParOper_1,DefaultMode,VentralAttention,-0.1447117186614161,0.046205628050351534,0.19091734671176763,0.19091734671176763,131.92943078677646
LH_SomMotA_7,RH_SomMotA_6,Somatomotor,Somatomotor,0.4663421344210369,0.27572317356749637,-0.19061896085354052,0.19061896085354052,-40.875345971084876
LH_ContA_IPS_1,LH_DefaultB_Temp_4,FrontoParietal,DefaultMode,-0.07439722198873586,0.11547405818360806,0.18987128017234392,0.18987128017234392,255.21286292261215
LH_SalVentAttnA_ParOper_1,RH_DefaultC_Rsp_1,VentralAttention,DefaultMode,-0.10793501919607602,0.08188270480530611,0.18981772400138214,0.18981772400138214,175.8629640455773
RH_DefaultC_Rsp_1,RH_VisCent_ExStr_4,DefaultMode,Visual,-0.05540240542934737,0.13376976596610765,0.18917217139545503,0.18917217139545503,341.45118777685434
LH_SomMotB_Cent_1,RH_DorsAttnB_PostC_1,Somatomotor,DorsalAttention,0.38635272627620326,0.1997902827164048,-0.18656244355979845,0.18656244355979845,-48.28811365146809
RH_ContA_IPS_2,RH_SomMotA_2,FrontoParietal,Somatomotor,0.14677220932748677,-0.03811133721997372,-0.1848835465474605,0.1848835465474605,-125.96631705320827
LH_ContC_pCun_1,LH_SalVentAttnA_ParOper_1,FrontoParietal,VentralAttention,-0.13204414221519184,0.05271874880203071,0.18476289101722254,0.18476289101722254,139.92509468243972
LH_DefaultA_pCunPCC_1,RH_ContC_pCun_1,DefaultMode,FrontoParietal,0.26060560320508896,0.07618210064372931,-0.18442350256135964,0.18442350256135964,-70.76728216631004
LH_DefaultC_Rsp_1,LH_SalVentAttnA_ParOper_1,DefaultMode,VentralAttention,-0.15799505006868153,0.025926706022751392,0.1839217560914329,0.1839217560914329,116.40982170737682
LH_DefaultC_PHC_1,LH_SalVentAttnA_Ins_1,DefaultMode,VentralAttention,-0.06831316293442201,0.11490995065965386,0.18322311359407586,0.18322311359407586,268.21055521900365
RH_DefaultC_Rsp_1,RH_SalVentAttnA_FrOper_1,DefaultMode,VentralAttention,-0.23998711678791337,-0.05725994179579108,0.1827271749921223,0.1827271749921223,76.14041013443482
LH_DefaultC_PHC_1,RH_ContA_IPS_1,DefaultMode,FrontoParietal,0.054907215467827175,-0.12564800608682958,-0.18055522155465675,0.18055522155465675,-328.8369661733309
RH_ContB_IPL_2,RH_SalVentAttnA_ParMed_2,FrontoParietal,VentralAttention,0.21129690231272708,0.03127824388778274,-0.18001865842494433,0.18001865842494433,-85.19701730341043
RH_ContC_pCun_2,RH_DorsAttnA_SPL_3,FrontoParietal,DorsalAttention,-0.06602810814587165,0.112501139578013,0.17852924772388465,0.17852924772388465,270.38370890389814
LH_SomMotA_5,RH_SomMotA_6,Somatomotor,Somatomotor,0.43800417908661254,0.2594837855855674,-0.17852039350104515,0.17852039350104515,-40.75769182689553
RH_ContA_PFCl_1,RH_ContC_pCun_2,FrontoParietal,FrontoParietal,-0.2898046971125234,-0.11159933768035067,0.1782053594321727,0.1782053594321727,61.49153592323603
LH_ContA_Temp_1,RH_ContB_PFClv_1,FrontoParietal,FrontoParietal,0.0333693703116724,-0.14457461333988436,-0.17794398365155675,0.17794398365155675,-533.255443508663
LH_DorsAttnB_PostC_1,RH_SomMotA_2,DorsalAttention,Somatomotor,0.23762560044759007,0.060061868049102615,-0.17756373239848744,0.17756373239848744,-74.72415937677991
LH_DefaultB_PFCd_1,LH_SalVentAttnB_PFCl_1,DefaultMode,VentralAttention,0.45463552455725587,0.2775954952441917,-0.17704002931306417,0.17704002931306417,-38.94109011509243
RH_ContB_IPL_1,RH_DefaultB_PFCv_1,FrontoParietal,DefaultMode,0.07857812428348332,0.25550756294143817,0.17692943865795485,0.17692943865795485,225.16373389068596
RH_DefaultC_Rsp_1,RH_SalVentAttnA_PrC_1,DefaultMode,VentralAttention,-0.2859146312316959,-0.10908476772765946,0.17682986350403646,0.17682986350403646,61.84708447492472
RH_DorsAttnA_SPL_3,RH_VisCent_ExStr_4,DorsalAttention,Visual,0.27009719007265814,0.09495649221501036,-0.1751406978576478,0.1751406978576478,-64.84358382644916
LH_SomMotB_S2_1,RH_SomMotB_S2_2,Somatomotor,Somatomotor,0.5194567488642361,0.3449032448503966,-0.1745535040138395,0.1745535040138395,-33.60308714738836
LH_ContC_pCun_2,RH_ContB_IPL_1,FrontoParietal,FrontoParietal,0.01770938945319427,-0.1559075750598885,-0.17361696451308278,0.17361696451308278,-980.3667425799777
RH_ContA_PFCl_2,RH_SalVentAttnA_PrC_1,FrontoParietal,VentralAttention,0.337260867248491,0.16389063457018452,-0.1733702326783065,0.1733702326783065,-51.40538067541905
RH_DefaultC_Rsp_1,RH_DorsAttnB_PostC_1,DefaultMode,DorsalAttention,-0.14645086969158014,0.026500097744904142,0.17295096743648428,0.17295096743648428,118.09487222623692
RH_ContA_PFCl_2,RH_SalVentAttnA_ParOper_1,FrontoParietal,VentralAttention,-0.01847082629588091,-0.19134761819789417,-0.17287679190201327,0.17287679190201327,-935.9450905591901
LH_DefaultB_Temp_3,LH_DefaultB_Temp_4,DefaultMode,DefaultMode,0.6332548113329912,0.4616919381812009,-0.1715628731517903,0.1715628731517903,-27.092233660357547
LH_DefaultC_Rsp_1,RH_ContC_pCun_2,DefaultMode,FrontoParietal,0.42034538328343884,0.24928201097362662,-0.17106337230981222,0.17106337230981222,-40.69590843929032
LH_DefaultC_Rsp_1,RH_ContB_IPL_1,DefaultMode,FrontoParietal,0.07997410162980474,-0.09107982936794538,-0.17105393099775013,0.17105393099775013,-213.88665519438828
RH_ContC_pCun_1,RH_SalVentAttnA_PrC_1,FrontoParietal,VentralAttention,-0.14420156306281046,0.026596088220357438,0.1707976512831679,0.1707976512831679,118.44368927455584
LH_ContA_IPS_2,LH_SomMotB_Cent_1,FrontoParietal,Somatomotor,0.14086435549205079,-0.02832766685439664,-0.16919202234644742,0.16919202234644742,-120.10988994018095
LH_DefaultA_IPL_1,RH_ContC_pCun_2,DefaultMode,FrontoParietal,0.34791981680120493,0.17903283747117332,-0.1688869793300316,0.1688869793300316,-48.54192580428109
LH_DefaultA_PFCm_2,RH_ContC_pCun_2,DefaultMode,FrontoParietal,0.1758552915740919,0.007017908615211682,-0.16883738295888023,0.16883738295888023,-96.00927071776235
LH_SalVentAttnA_Ins_1,RH_DefaultC_Rsp_1,VentralAttention,DefaultMode,-0.11905357381108736,0.04969240720305703,0.1687459810141444,0.1687459810141444,141.7395342385171
RH_SomMotA_1,RH_SomMotB_Cent_1,Somatomotor,Somatomotor,0.2903366170920294,0.12200377826594382,-0.16833283882608557,0.16833283882608557,-57.978508020133155
RH_ContB_IPL_2,RH_DefaultA_IPL_1,FrontoParietal,DefaultMode,0.23655967460602967,0.4046493086976548,0.16808963409162514,0.16808963409162514,71.05591194761506
RH_DefaultB_PFCv_1,RH_SalVentAttnA_ParOper_1,DefaultMode,VentralAttention,0.038718820679278565,-0.12919516203080986,-0.16791398271008842,0.16791398271008842,-433.6753541668489
RH_DefaultB_Temp_1,RH_DorsAttnA_SPL_3,DefaultMode,DorsalAttention,-0.27784188272205396,-0.10999897715703605,0.1678429055650179,0.1678429055650179,60.409504830819095
LH_DorsAttnA_SPL_2,RH_ContA_IPS_1,DorsalAttention,FrontoParietal,0.28005396735814997,0.1125309263299406,-0.16752304102820936,0.16752304102820936,-59.818128130272385
LH_SomMotA_2,RH_SomMotA_7,Somatomotor,Somatomotor,0.4148933822346838,0.24755652334607153,-0.16733685888861227,0.16733685888861227,-40.33249650483903
LH_DefaultC_Rsp_1,RH_DorsAttnB_PostC_1,DefaultMode,DorsalAttention,-0.1782609119283083,-0.011128815317625709,0.1671320966106826,0.1671320966106826,93.7570075249579
RH_ContB_IPL_1,RH_DefaultC_IPL_1,FrontoParietal,DefaultMode,0.2926716279978979,0.125650260244872,-0.16702136775302592,0.16702136775302592,-57.06783704849776
LH_DefaultC_Rsp_1,RH_VisCent_ExStr_4,DefaultMode,Visual,-0.12699339436985949,0.039659994117140135,0.16665338848699962,0.16665338848699962,131.22996618362143
LH_SalVentAttnA_Ins_1,RH_DefaultC_IPL_1,VentralAttention,DefaultMode,-0.21559242448089064,-0.04915108257786209,0.16644134190302856,0.16644134190302856,77.20185080890045
RH_ContA_IPS_2,RH_DefaultB_Temp_1,FrontoParietal,DefaultMode,-0.23756784111176438,-0.07118691454543322,0.16638092656633116,0.16638092656633116,70.03512166785943
LH_DorsAttnB_PostC_2,RH_SomMotA_2,DorsalAttention,Somatomotor,0.21339412984894698,0.04741236139765436,-0.16598176845129262,0.16598176845129262,-77.78178742254266
LH_DefaultC_Rsp_1,RH_SalVentAttnA_ParMed_2,DefaultMode,VentralAttention,-0.07299360677344711,0.09246782444796167,0.16546143122140877,0.16546143122140877,226.67934704878658
LH_SalVentAttnA_Ins_1,RH_DefaultB_PFCv_1,VentralAttention,DefaultMode,0.17201318183125897,0.006567129795509847,-0.1654460520357491,0.1654460520357491,-96.1821938728207
LH_DorsAttnB_FEF_1,RH_ContC_Cingp_1,DorsalAttention,FrontoParietal,-0.16891613765917826,-0.003843435337480667,0.1650727023216976,0.1650727023216976,97.724648816423
LH_SomMotB_S2_1,RH_SomMotA_6,Somatomotor,Somatomotor,0.23932089350733723,0.07434418619481811,-0.16497670731251912,0.16497670731251912,-68.93535490977146
LH_DefaultC_IPL_1,LH_SalVentAttnA_Ins_1,DefaultMode,VentralAttention,-0.11891258448373061,0.04605780279329559,0.1649703872770262,0.1649703872770262,138.73248823348646
RH_DefaultC_Rsp_1,RH_SalVentAttnA_ParMed_2,DefaultMode,VentralAttention,0.02426193531291841,0.18913559645593914,0.16487366114302074,0.16487366114302074,679.5569232897624
LH_DefaultC_IPL_1,RH_ContA_IPS_1,DefaultMode,FrontoParietal,0.20650856079821106,0.04181288419295671,-0.16469567660525436,0.16469567660525436,-79.75246932556274
RH_SalVentAttnA_FrOper_1,RH_SalVentAttnB_Ins_1,VentralAttention,VentralAttention,0.24296912086542158,0.07840922188784998,-0.16455989897757162,0.16455989897757162,-67.72872963915438
