region_i,region_j,network_i,network_j,rest,task,change,abs_change
pGP-rh,aGP-rh,Pallidum,Pallidum,0.2536495110581941,0.09493977271766985,-0.15870973834052426,0.15870973834052426
aPUT-lh,pPUT-lh,Putamen,Putamen,0.5392686418914286,0.3849460028311148,-0.15432263906031385,0.15432263906031385
THA-VA-lh,pPUT-lh,Thal_ant,Putamen,0.2469658519732172,0.1037419214103274,-0.1432239305628898,0.1432239305628898
THA-VA-rh,THA-DA-rh,Thal_ant,Thal_ant,0.47143386938603976,0.3310469507647501,-0.14038691862128966,0.14038691862128966
pPUT-lh,aCAU-lh,Putamen,Caudate,0.23981231103141246,0.09974553273950842,-0.14006677829190403,0.14006677829190403
THA-VA-lh,THA-DA-lh,Thal_ant,Thal_ant,0.4289049218857802,0.2898308482683043,-0.13907407361747592,0.13907407361747592
THA-DA-rh,THA-VA-lh,Thal_ant,Thal_ant,0.3406501223502895,0.20377989596376905,-0.13687022638652047,0.13687022638652047
pGP-lh,aGP-lh,Pallidum,Pallidum,0.262979724012571,0.12986558628890874,-0.1331141377236623,0.1331141377236623
THA-VP-lh,THA-VA-lh,Thal_post,Thal_ant,0.23469919893721883,0.10671659337565964,-0.1279826055615592,0.1279826055615592
aPUT-rh,pPUT-rh,Putamen,Putamen,0.5785282474665766,0.4553711847583436,-0.12315706270823301,0.12315706270823301
pPUT-rh,aPUT-lh,Putamen,Putamen,0.4792084898243312,0.35618365530694435,-0.12302483451738683,0.12302483451738683
THA-VA-rh,pPUT-lh,Thal_ant,Putamen,0.22979760414271883,0.1113375503084129,-0.11846005383430593,0.11846005383430593
aCAU-rh,pPUT-lh,Caudate,Putamen,0.23313545964428548,0.11772629138372691,-0.11540916826055857,0.11540916826055857
pPUT-rh,THA-VA-lh,Putamen,Thal_ant,0.20046149914310027,0.08929210982645877,-0.1111693893166415,0.1111693893166415
pPUT-rh,pPUT-lh,Putamen,Putamen,0.6374031648253132,0.5263345471510658,-0.11106861767424747,0.11106861767424747
THA-VA-lh,aGP-lh,Thal_ant,Pallidum,0.18100710043662163,0.0708518375487741,-0.11015526288784754,0.11015526288784754
THA-VA-lh,aPUT-lh,Thal_ant,Putamen,0.23772938678094607,0.12802610176733553,-0.10970328501361054,0.10970328501361054
aPUT-rh,pPUT-lh,Putamen,Putamen,0.4778439421533633,0.37120413719516243,-0.10663980495820086,0.10663980495820086
NAc-core-rh,aGP-rh,Accumbens,Pallidum,0.14376063247407478,0.03813509339718025,-0.10562553907689454,0.10562553907689454
pPUT-rh,aCAU-rh,Putamen,Caudate,0.24752582030695702,0.14269527669955534,-0.10483054360740168,0.10483054360740168
aHIP-rh,lAMY-rh,Hippocampus,Amygdala,0.3217281508658365,0.2169284341707456,-0.10479971669509092,0.10479971669509092
pGP-rh,aGP-lh,Pallidum,Pallidum,0.10072218417167952,-0.0008759182476747874,-0.10159810241935431,0.10159810241935431
pPUT-rh,pCAU-lh,Putamen,Caudate,0.2641871990797799,0.16402496340330017,-0.10016223567647972,0.10016223567647972
THA-VA-rh,THA-VP-lh,Thal_ant,Thal_post,0.20855043226962824,0.10945608361345154,-0.09909434865617671,0.09909434865617671
THA-VA-rh,aPUT-rh,Thal_ant,Putamen,0.23907828435191553,0.14202353904027093,-0.0970547453116446,0.0970547453116446
pGP-lh,aPUT-lh,Pallidum,Putamen,0.18030655238937549,0.08326188677919363,-0.09704466561018185,0.09704466561018185
pCAU-rh,pPUT-lh,Caudate,Putamen,0.2932961477634189,0.19648289270817962,-0.09681325505523927,0.09681325505523927
aCAU-rh,pGP-lh,Caudate,Pallidum,0.07425484664215784,-0.022453283916111268,-0.0967081305582691,0.0967081305582691
aHIP-lh,pHIP-lh,Hippocampus,Hippocampus,0.3885102054809764,0.2924452061579948,-0.09606499932298163,0.09606499932298163
THA-VA-rh,THA-DA-lh,Thal_ant,Thal_ant,0.3890898088852217,0.29380080273999953,-0.09528900614522218,0.09528900614522218
THA-VP-rh,THA-VA-rh,Thal_post,Thal_ant,0.2604325598822662,0.16733992010977883,-0.09309263977248738,0.09309263977248738
pGP-rh,aCAU-rh,Pallidum,Caudate,0.02855646008314927,-0.06303918156403668,-0.09159564164718595,0.09159564164718595
pPUT-rh,aCAU-lh,Putamen,Caudate,0.19928159606472282,0.10805368405258636,-0.09122791201213645,0.09122791201213645
aPUT-rh,pGP-lh,Putamen,Pallidum,0.1249069109137622,0.03448784910902127,-0.09041906180474094,0.09041906180474094
THA-VA-lh,aCAU-lh,Thal_ant,Caudate,0.3089558225095139,0.2186542708810093,-0.09030155162850462,0.09030155162850462
pHIP-lh,pPUT-lh,Hippocampus,Putamen,-0.043147080530037456,0.04711349820395888,0.09026057873399634,0.09026057873399634
aPUT-rh,THA-VA-lh,Putamen,Thal_ant,0.20770130196905193,0.12011099592012059,-0.08759030604893134,0.08759030604893134
THA-VA-rh,aGP-lh,Thal_ant,Pallidum,0.15772639896686377,0.07142820039554774,-0.08629819857131603,0.08629819857131603
pCAU-rh,THA-VA-lh,Caudate,Thal_ant,0.26413487762113663,0.17867457985842194,-0.08546029776271469,0.08546029776271469
aGP-lh,aCAU-lh,Pallidum,Caudate,0.1591859017477899,0.07442059996492467,-0.08476530178286523,0.08476530178286523
pPUT-rh,pHIP-lh,Putamen,Hippocampus,-0.08252427408246037,0.0022266665420205972,0.08475094062448096,0.08475094062448096
THA-VA-lh,pCAU-lh,Thal_ant,Caudate,0.31891390967964756,0.23486062382067938,-0.08405328585896818,0.08405328585896818
THA-DA-rh,pGP-lh,Thal_ant,Pallidum,0.024129091200013237,-0.05967149366076008,-0.08380058486077331,0.08380058486077331
pHIP-rh,aHIP-lh,Hippocampus,Hippocampus,0.32822021103157645,0.2449159269992322,-0.08330428403234424,0.08330428403234424
pHIP-lh,aPUT-lh,Hippocampus,Putamen,-0.050909533593123515,0.03173287649423651,0.08264241008736004,0.08264241008736004
THA-DA-lh,pGP-lh,Thal_ant,Pallidum,0.034582532238706463,-0.0479299431397094,-0.08251247537841586,0.08251247537841586
aGP-rh,aCAU-lh,Pallidum,Caudate,0.12317011231402598,0.041696373282856296,-0.0814737390311697,0.0814737390311697
THA-VA-rh,pPUT-rh,Thal_ant,Putamen,0.24548759609233456,0.16512289808890057,-0.08036469800343399,0.08036469800343399
aHIP-rh,THA-DP-lh,Hippocampus,Thal_post,0.14126384367622336,0.06091102721705091,-0.08035281645917244,0.08035281645917244
THA-VA-rh,aPUT-lh,Thal_ant,Putamen,0.20796559247085625,0.12775102483349962,-0.08021456763735663,0.08021456763735663
pGP-rh,aPUT-rh,Pallidum,Putamen,0.10913530559115105,0.02986431904600105,-0.07927098654515,0.07927098654515
THA-DP-rh,THA-VP-rh,Thal_post,Thal_post,0.3588782080643776,0.27988198542227144,-0.07899622264210615,0.07899622264210615
THA-VP-rh,THA-VA-lh,Thal_post,Thal_ant,0.15618549966966408,0.0775341018060205,-0.07865139786364359,0.07865139786364359
aGP-rh,aCAU-rh,Pallidum,Caudate,0.14583178532319332,0.06730433761739518,-0.07852744770579814,0.07852744770579814
aHIP-lh,THA-VP-lh,Hippocampus,Thal_post,0.05400639588171397,-0.02430014865515038,-0.07830654453686435,0.07830654453686435
THA-DP-lh,pPUT-lh,Thal_post,Putamen,0.032995300870320134,0.11125316122312431,0.07825786035280419,0.07825786035280419
NAc-shell-lh,NAc-core-lh,Accumbens,Accumbens,0.46512179700650064,0.38721769407960155,-0.07790410292689909,0.07790410292689909
aGP-rh,pGP-lh,Pallidum,Pallidum,0.1355805930835803,0.05788853965863474,-0.07769205342494556,0.07769205342494556
aHIP-lh,THA-DP-lh,Hippocampus,Thal_post,0.10045012983891398,0.023288162316373665,-0.07716196752254031,0.07716196752254031
aPUT-lh,aCAU-lh,Putamen,Caudate,0.417927710223623,0.3411191280676351,-0.0768085821559879,0.0768085821559879
pHIP-rh,THA-DP-lh,Hippocampus,Thal_post,0.17788194640612595,0.10181120898769885,-0.0760707374184271,0.0760707374184271
THA-VA-rh,pCAU-rh,Thal_ant,Caudate,0.2855236276668681,0.2099640761666231,-0.07555955150024501,0.07555955150024501
pGP-lh,pCAU-lh,Pallidum,Caudate,0.0772081184715346,0.0018215048975511279,-0.07538661357398346,0.07538661357398346
mAMY-lh,NAc-shell-lh,Amygdala,Accumbens,0.1261409504389439,0.051408574090440126,-0.07473237634850378,0.07473237634850378
aGP-rh,NAc-shell-lh,Pallidum,Accumbens,0.09377893605003775,0.019093317212452384,-0.07468561883758536,0.07468561883758536
aGP-rh,THA-VP-lh,Pallidum,Thal_post,0.06763720924461851,-0.006973453716681791,-0.0746106629613003,0.0746106629613003
aPUT-lh,pCAU-lh,Putamen,Caudate,0.33180658571682553,0.2573125564602603,-0.07449402925656523,0.07449402925656523
pPUT-rh,pCAU-rh,Putamen,Caudate,0.30653140066010925,0.23315424893522116,-0.0733771517248881,0.0733771517248881
aCAU-lh,pCAU-lh,Caudate,Caudate,0.546895992314623,0.4736847545958186,-0.07321123771880444,0.07321123771880444
pHIP-rh,pPUT-rh,Hippocampus,Putamen,-0.06594090964296692,0.007192771599369776,0.0731336812423367,0.0731336812423367
pGP-lh,aCAU-lh,Pallidum,Caudate,0.05647094772446321,-0.015259543881732111,-0.07173049160619532,0.07173049160619532
aCAU-rh,aPUT-lh,Caudate,Putamen,0.3976688064692229,0.32598096911706725,-0.07168783735215567,0.07168783735215567
pHIP-rh,pHIP-lh,Hippocampus,Hippocampus,0.46215482614861564,0.39137290208186065,-0.07078192406675499,0.07078192406675499
pHIP-lh,THA-VP-lh,Hippocampus,Thal_post,0.027155105508540788,0.0978459822400998,0.07069087673155901,0.07069087673155901
aGP-rh,pPUT-rh,Pallidum,Putamen,0.10159222919650275,0.03093087112022476,-0.07066135807627799,0.07066135807627799
THA-DA-rh,pGP-rh,Thal_ant,Pallidum,0.04634853412226004,-0.024001671873051324,-0.07035020599531136,0.07035020599531136
pPUT-rh,aGP-lh,Putamen,Pallidum,0.13230750407807723,0.06234218896280258,-0.06996531511527465,0.06996531511527465
aCAU-rh,pCAU-rh,Caudate,Caudate,0.5675309285045086,0.4981350842529886,-0.06939584425152001,0.06939584425152001
THA-VA-rh,aGP-rh,Thal_ant,Pallidum,0.17289216316895195,0.10366951875503767,-0.06922264441391428,0.06922264441391428
aGP-rh,aPUT-lh,Pallidum,Putamen,0.14146533126616703,0.07227676559012007,-0.06918856567604696,0.06918856567604696
pHIP-rh,mAMY-rh,Hippocampus,Amygdala,0.2067095827392984,0.13802551391170328,-0.06868406882759512,0.06868406882759512
THA-VA-rh,pGP-lh,Thal_ant,Pallidum,0.1601914729054665,0.09184647871854708,-0.06834499418691943,0.06834499418691943
pPUT-lh,pCAU-lh,Putamen,Caudate,0.2870709288560609,0.2192936232096066,-0.06777730564645429,0.06777730564645429
THA-DA-rh,THA-VP-lh,Thal_ant,Thal_post,0.2646165728205051,0.19706600918600395,-0.06755056363450115,0.06755056363450115
NAc-core-rh,pGP-rh,Accumbens,Pallidum,0.05162780850171024,-0.015780055890549875,-0.06740786439226011,0.06740786439226011
pPUT-rh,pGP-lh,Putamen,Pallidum,0.16796178685361074,0.10120252260618531,-0.06675926424742543,0.06675926424742543
lAMY-rh,mAMY-rh,Amygdala,Amygdala,0.4196157892072904,0.3528592529695585,-0.06675653623773192,0.06675653623773192
aGP-rh,aGP-lh,Pallidum,Pallidum,0.22232313064613418,0.15630563427798577,-0.06601749636814841,0.06601749636814841
aPUT-rh,aPUT-lh,Putamen,Putamen,0.7063308669895108,0.6404115508767546,-0.06591931611275614,0.06591931611275614
NAc-shell-rh,mAMY-lh,Accumbens,Amygdala,0.13012913888194974,0.06500394193545997,-0.06512519694648977,0.06512519694648977
NAc-shell-rh,pGP-rh,Accumbens,Pallidum,0.03892876632012572,-0.025788667187457426,-0.06471743350758315,0.06471743350758315
aPUT-rh,pHIP-lh,Putamen,Hippocampus,-0.0852687583133225,-0.020615141503609383,0.06465361680971313,0.06465361680971313
THA-VA-rh,THA-VA-lh,Thal_ant,Thal_ant,0.6450579773576267,0.580417922715702,-0.06464005464192468,0.06464005464192468
pCAU-rh,aPUT-lh,Caudate,Putamen,0.3239462696680847,0.25966265670163646,-0.06428361296644824,0.06428361296644824
pGP-rh,aCAU-lh,Pallidum,Caudate,0.007256958192745545,-0.056876303700467125,-0.06413326189321267,0.06413326189321267
NAc-shell-rh,NAc-core-rh,Accumbens,Accumbens,0.41929053424183016,0.35566280922922283,-0.06362772501260733,0.06362772501260733
pGP-rh,pGP-lh,Pallidum,Pallidum,0.22471383149316132,0.16136824669006183,-0.06334558480309949,0.06334558480309949
mAMY-lh,THA-DP-lh,Amygdala,Thal_post,0.12038333060746685,0.05756533789621988,-0.06281799271124697,0.06281799271124697
aPUT-rh,pCAU-lh,Putamen,Caudate,0.3164821074789077,0.2537066077798601,-0.06277549969904761,0.06277549969904761
pHIP-rh,THA-DP-rh,Hippocampus,Thal_post,0.24309828661785202,0.18121461002092254,-0.06188367659692948,0.06188367659692948
THA-DP-lh,THA-DA-lh,Thal_post,Thal_ant,0.1722085922263963,0.23388017384069498,0.06167158161429867,0.06167158161429867
aPUT-rh,pCAU-rh,Putamen,Caudate,0.363736575656609,0.30243057814826346,-0.06130599750834553,0.06130599750834553
mAMY-rh,aHIP-lh,Amygdala,Hippocampus,0.3279041914514546,0.26713675972829104,-0.06076743172316357,0.06076743172316357
THA-VP-rh,pGP-lh,Thal_post,Pallidum,0.08601537812590336,0.025703286166576106,-0.060312091959327255,0.060312091959327255
pGP-rh,pCAU-rh,Pallidum,Caudate,0.02158657434136498,-0.03867540430231319,-0.060261978643678174,0.060261978643678174
pGP-rh,aPUT-lh,Pallidum,Putamen,0.07270195239785372,0.013122742752533605,-0.05957920964532012,0.05957920964532012
pHIP-rh,THA-VA-lh,Hippocampus,Thal_ant,0.009130185734647413,0.06836350487185414,0.059233319137206725,0.059233319137206725
aHIP-rh,THA-DP-rh,Hippocampus,Thal_post,0.12615747035142627,0.06702010572205684,-0.05913736462936943,0.05913736462936943
NAc-core-rh,pPUT-lh,Accumbens,Putamen,0.11269070761028673,0.053639838732964,-0.05905086887732273,0.05905086887732273
aHIP-rh,aPUT-rh,Hippocampus,Putamen,-0.08339314716630537,-0.024386592857653166,0.059006554308652204,0.059006554308652204
aCAU-rh,pHIP-lh,Caudate,Hippocampus,-0.07179943829070802,-0.013125521787338503,0.05867391650336952,0.05867391650336952
pHIP-rh,aPUT-lh,Hippocampus,Putamen,-0.054153658701565174,0.0045082240952754515,0.05866188279684063,0.05866188279684063
pHIP-lh,lAMY-lh,Hippocampus,Amygdala,0.1331251589187378,0.07480151924351153,-0.058323639675226274,0.058323639675226274
pGP-rh,NAc-shell-lh,Pallidum,Accumbens,0.039580217872954966,-0.018645380546084687,-0.058225598419039654,0.058225598419039654
aHIP-rh,pHIP-lh,Hippocampus,Hippocampus,0.34839879752843134,0.29027076218913306,-0.05812803533929828,0.05812803533929828
THA-VP-rh,pHIP-lh,Thal_post,Hippocampus,0.034959500615447066,0.09250715856102847,0.0575476579455814,0.0575476579455814
aGP-rh,THA-VA-lh,Pallidum,Thal_ant,0.1335118204469525,0.07619530443742044,-0.05731651600953207,0.05731651600953207
aCAU-rh,aGP-lh,Caudate,Pallidum,0.1470612746324193,0.08984946657071713,-0.057211808061702174,0.057211808061702174
NAc-core-lh,pPUT-lh,Accumbens,Putamen,0.10267762377540766,0.0455566852416517,-0.057120938533755966,0.057120938533755966
aPUT-rh,aCAU-lh,Putamen,Caudate,0.36158317593853967,0.3044979273112324,-0.057085248627307295,0.057085248627307295
THA-DP-rh,THA-VP-lh,Thal_post,Thal_post,0.23110631459279013,0.1749201872035289,-0.05618612738926124,0.05618612738926124
aHIP-rh,lAMY-lh,Hippocampus,Amygdala,0.23067435372912565,0.17463252880628397,-0.05604182492284168,0.05604182492284168
aHIP-rh,THA-VP-rh,Hippocampus,Thal_post,0.06712837512446153,0.011197919158655357,-0.055930455965806175,0.055930455965806175
pGP-rh,NAc-core-lh,Pallidum,Accumbens,0.04328504326913511,-0.012311077524549019,-0.05559612079368413,0.05559612079368413
aGP-rh,pCAU-rh,Pallidum,Caudate,0.11163658021863278,0.05618871598826055,-0.05544786423037223,0.05544786423037223
NAc-shell-rh,aHIP-lh,Accumbens,Hippocampus,0.0971041038708413,0.041699570106974344,-0.055404533763866955,0.055404533763866955
THA-DA-lh,pPUT-lh,Thal_ant,Putamen,0.1460555340139403,0.09065428701332276,-0.05540124700061755,0.05540124700061755
THA-VA-rh,aCAU-lh,Thal_ant,Caudate,0.22203406071976237,0.16665672502386294,-0.05537733569589942,0.05537733569589942
THA-VA-rh,pCAU-lh,Thal_ant,Caudate,0.2555299325839457,0.20021841373005433,-0.05531151885389135,0.05531151885389135
lAMY-rh,mAMY-lh,Amygdala,Amygdala,0.301583993884754,0.24668754126065423,-0.054896452624099756,0.054896452624099756
pHIP-lh,aCAU-lh,Hippocampus,Caudate,-0.06430444409538909,-0.00998640047545436,0.054318043619934725,0.054318043619934725
pCAU-rh,pGP-lh,Caudate,Pallidum,0.0683559731067782,0.014386898971006873,-0.053969074135771324,0.053969074135771324
NAc-shell-lh,pPUT-lh,Accumbens,Putamen,0.07530628672589497,0.021438475545431893,-0.05386781118046308,0.05386781118046308
aHIP-rh,pPUT-rh,Hippocampus,Putamen,-0.08324022324747492,-0.02995827031995993,0.05328195292751499,0.05328195292751499
NAc-shell-rh,pPUT-lh,Accumbens,Putamen,0.07629667464570336,0.02332249344307749,-0.05297418120262587,0.05297418120262587
NAc-shell-rh,NAc-core-lh,Accumbens,Accumbens,0.3295876724516102,0.27688665799228046,-0.05270101445932973,0.05270101445932973
pHIP-lh,pGP-lh,Hippocampus,Pallidum,-0.03170873023838254,0.020903651712197914,0.052612381950580454,0.052612381950580454
aHIP-rh,aHIP-lh,Hippocampus,Hippocampus,0.5734408441955506,0.5211234152706514,-0.05231742892489921,0.05231742892489921
aCAU-rh,THA-VA-lh,Caudate,Thal_ant,0.2474454165197226,0.19515738342174782,-0.05228803309797478,0.05228803309797478
lAMY-lh,mAMY-lh,Amygdala,Amygdala,0.4455404529224665,0.393687693587122,-0.0518527593353445,0.0518527593353445
aGP-lh,pCAU-lh,Pallidum,Caudate,0.13142746134654465,0.08001697326624026,-0.05141048808030439,0.05141048808030439
pCAU-rh,aCAU-lh,Caudate,Caudate,0.4569810798997776,0.4056477733781341,-0.051333306521643474,0.051333306521643474
aCAU-rh,pCAU-lh,Caudate,Caudate,0.49184463045877586,0.44068191978530175,-0.05116271067347411,0.05116271067347411
aPUT-rh,aGP-lh,Putamen,Pallidum,0.15967714679782044,0.10872244114127395,-0.05095470565654649,0.05095470565654649
pHIP-rh,pCAU-lh,Hippocampus,Caudate,-0.07904743659388067,-0.028170155051014025,0.05087728154286664,0.05087728154286664
THA-VA-lh,NAc-shell-lh,Thal_ant,Accumbens,0.16291652178881835,0.1121102239046241,-0.050806297884194246,0.050806297884194246
pPUT-rh,THA-DP-lh,Putamen,Thal_post,-0.023334560871184098,0.027440042893046124,0.05077460376423022,0.05077460376423022
pCAU-rh,pCAU-lh,Caudate,Caudate,0.6324264454977734,0.5824307846104919,-0.04999566088728147,0.04999566088728147
THA-VP-rh,THA-DA-rh,Thal_post,Thal_ant,0.31983859960694394,0.2702254960787552,-0.04961310352818876,0.04961310352818876
THA-VA-rh,aCAU-rh,Thal_ant,Caudate,0.24910298819028717,0.19949896454187102,-0.04960402364841615,0.04960402364841615
THA-VP-rh,pPUT-lh,Thal_post,Putamen,0.13515831285575294,0.18474279951986042,0.049584486664107474,0.049584486664107474
pGP-rh,THA-DA-lh,Pallidum,Thal_ant,0.028187893993581466,-0.021141054521454716,-0.04932894851503618,0.04932894851503618
THA-VP-lh,aGP-lh,Thal_post,Pallidum,0.12195056890548386,0.07272127150919054,-0.04922929739629332,0.04922929739629332
NAc-shell-rh,lAMY-lh,Accumbens,Amygdala,0.051225357250607596,0.0025478151107204607,-0.048677542139887134,0.048677542139887134
THA-VP-rh,THA-VP-lh,Thal_post,Thal_post,0.5149921408182921,0.46633684579595197,-0.04865529502234017,0.04865529502234017
aPUT-rh,aCAU-rh,Putamen,Caudate,0.42116252434211027,0.3729194281892809,-0.048243096152829346,0.048243096152829346
pHIP-rh,aPUT-rh,Hippocampus,Putamen,-0.05656567687964152,-0.008672690812046881,0.04789298606759464,0.04789298606759464
THA-DP-rh,pPUT-lh,Thal_post,Putamen,0.02660656567336866,0.07426204105312666,0.04765547537975799,0.04765547537975799
lAMY-rh,aHIP-lh,Amygdala,Hippocampus,0.2569586781390637,0.20973060262824095,-0.04722807551082275,0.04722807551082275
NAc-shell-rh,NAc-shell-lh,Accumbens,Accumbens,0.4440776504730088,0.39803272506942244,-0.046044925403586345,0.046044925403586345
pHIP-rh,pPUT-lh,Hippocampus,Putamen,-0.05546901902087647,-0.009925659476413872,0.0455433595444626,0.0455433595444626
pHIP-rh,mAMY-lh,Hippocampus,Amygdala,0.1866364922673185,0.14121961037000666,-0.04541688189731183,0.04541688189731183
pHIP-lh,pCAU-lh,Hippocampus,Caudate,-0.07940639127666291,-0.03425842197946669,0.045147969297196215,0.045147969297196215
aHIP-rh,aPUT-lh,Hippocampus,Putamen,-0.06804213761662152,-0.0229711200494513,0.04507101756717022,0.04507101756717022
pGP-rh,THA-VP-lh,Pallidum,Thal_post,0.07841205341257587,0.033401014295407386,-0.045011039117168486,0.045011039117168486
THA-VP-rh,pPUT-rh,Thal_post,Putamen,0.15148931787576939,0.19628712749167465,0.044797809615905265,0.044797809615905265
pHIP-lh,mAMY-lh,Hippocampus,Amygdala,0.21489403531543508,0.17011825261946759,-0.04477578269596749,0.04477578269596749
NAc-core-lh,aCAU-lh,Accumbens,Caudate,0.3836103963215476,0.3388428457720748,-0.04476755054947279,0.04476755054947279
NAc-core-rh,mAMY-lh,Accumbens,Amygdala,0.031522024617664776,-0.013162752813359163,-0.04468477743102394,0.04468477743102394
NAc-shell-rh,aPUT-lh,Accumbens,Putamen,0.20160919273980957,0.15732659967093934,-0.044282593068870224,0.044282593068870224
pHIP-lh,aGP-lh,Hippocampus,Pallidum,-0.07074902319684878,-0.02672166540686784,0.044027357789980945,0.044027357789980945
aHIP-rh,pHIP-rh,Hippocampus,Hippocampus,0.38975313768565606,0.3457873041246814,-0.043965833560974665,0.043965833560974665
aGP-rh,pPUT-lh,Pallidum,Putamen,0.10800596743835413,0.0645382444161487,-0.04346772302220543,0.04346772302220543
aGP-rh,NAc-core-lh,Pallidum,Accumbens,0.09127404042468888,0.0478264991197109,-0.04344754130497798,0.04344754130497798
aGP-rh,pHIP-lh,Pallidum,Hippocampus,-0.08023139273477428,-0.037253039337403884,0.0429783533973704,0.0429783533973704
lAMY-rh,lAMY-lh,Amygdala,Amygdala,0.33508004286512155,0.2922660287685272,-0.042814014096594355,0.042814014096594355
THA-DA-lh,aPUT-lh,Thal_ant,Putamen,0.1393868641569525,0.0965990323726728,-0.04278783178427971,0.04278783178427971
THA-VP-rh,THA-DA-lh,Thal_post,Thal_ant,0.2635058727836702,0.22140655391920686,-0.04209931886446336,0.04209931886446336
THA-VP-rh,aHIP-lh,Thal_post,Hippocampus,0.040348665241744665,-0.0013347738424130326,-0.0416834390841577,0.0416834390841577
THA-DA-rh,pPUT-lh,Thal_ant,Putamen,0.12333133281631321,0.08173594451738017,-0.04159538829893304,0.04159538829893304
pPUT-rh,THA-DA-lh,Putamen,Thal_ant,0.11244371930294748,0.07088478668740039,-0.04155893261554709,0.04155893261554709
aHIP-rh,mAMY-rh,Hippocampus,Amygdala,0.3913920505480019,0.3499149711751033,-0.04147707937289863,0.04147707937289863
THA-VP-lh,pGP-lh,Thal_post,Pallidum,0.12487091777670452,0.0839713624937827,-0.040899555282921815,0.040899555282921815
NAc-core-rh,pGP-lh,Accumbens,Pallidum,0.0240661215394378,-0.01664356537163268,-0.04070968691107048,0.04070968691107048
THA-DP-rh,aHIP-lh,Thal_post,Hippocampus,0.08167984416298316,0.04129086243568247,-0.04038898172730069,0.04038898172730069
lAMY-lh,THA-DP-lh,Amygdala,Thal_post,0.06663189829105709,0.026776039193938103,-0.03985585909711899,0.03985585909711899
mAMY-rh,pHIP-lh,Amygdala,Hippocampus,0.1911292790373623,0.15139711093498415,-0.039732168102378146,0.039732168102378146
lAMY-rh,pHIP-lh,Amygdala,Hippocampus,0.10630400973811374,0.06660233108905259,-0.039701678649061156,0.039701678649061156
THA-DA-lh,pCAU-lh,Thal_ant,Caudate,0.21145453020599705,0.1723387980367392,-0.039115732169257844,0.039115732169257844
THA-VP-rh,aGP-rh,Thal_post,Pallidum,0.0630758417885822,0.024084063357112603,-0.03899177843146959,0.03899177843146959
THA-DP-lh,pCAU-lh,Thal_post,Caudate,-0.03975631404448226,-0.0008047287770195305,0.03895158526746273,0.03895158526746273
aHIP-rh,THA-VA-lh,Hippocampus,Thal_ant,-0.050874194929104596,-0.011934646787865613,0.03893954814123898,0.03893954814123898
NAc-shell-rh,aGP-rh,Accumbens,Pallidum,0.10423915582876207,0.06536547175353982,-0.03887368407522225,0.03887368407522225
THA-VP-rh,NAc-core-rh,Thal_post,Accumbens,0.006084541898857233,0.04487510339222655,0.03879056149336932,0.03879056149336932
aPUT-rh,aHIP-lh,Putamen,Hippocampus,-0.07993272615573906,-0.04121022004972777,0.03872250610601129,0.03872250610601129
aHIP-lh,NAc-shell-lh,Hippocampus,Accumbens,0.09541622374669186,0.05687456236904148,-0.038541661377650374,0.038541661377650374
NAc-core-rh,pPUT-rh,Accumbens,Putamen,0.12573540447815673,0.08752262628614213,-0.0382127781920146,0.0382127781920146
NAc-shell-rh,pGP-lh,Accumbens,Pallidum,0.03343930569459394,-0.004125992974852725,-0.03756529866944666,0.03756529866944666
aGP-rh,aPUT-rh,Pallidum,Putamen,0.1850499948796546,0.1478106884102868,-0.037239306469367794,0.037239306469367794
pHIP-rh,aCAU-lh,Hippocampus,Caudate,-0.04902551211681656,-0.011936225309796347,0.037089286807020214,0.037089286807020214
THA-VA-lh,pGP-lh,Thal_ant,Pallidum,0.16555773914620822,0.128919847158466,-0.03663789198774223,0.03663789198774223
THA-DP-rh,pCAU-lh,Thal_post,Caudate,-0.0674261876480025,-0.03114842466586598,0.036277762982136516,0.036277762982136516
THA-DA-lh,aCAU-lh,Thal_ant,Caudate,0.13744759013556726,0.10117451565404434,-0.03627307448152292,0.03627307448152292
lAMY-lh,THA-VA-lh,Amygdala,Thal_ant,-0.0272669575356135,0.00870365056065749,0.03597060809627099,0.03597060809627099
lAMY-rh,NAc-shell-lh,Amygdala,Accumbens,0.049438499996021186,0.013560236234853024,-0.035878263761168164,0.035878263761168164
aHIP-rh,mAMY-lh,Hippocampus,Amygdala,0.30595049219007314,0.2703498907942639,-0.03560060139580923,0.03560060139580923
THA-DA-rh,lAMY-lh,Thal_ant,Amygdala,-0.05328025348713243,-0.017686246600398924,0.035594006886733504,0.035594006886733504
aHIP-rh,aCAU-lh,Hippocampus,Caudate,-0.07262915269958427,-0.03725934145927435,0.03536981124030992,0.03536981124030992
THA-VP-rh,aGP-lh,Thal_post,Pallidum,0.06623207379981448,0.0311669340872061,-0.035065139712608384,0.035065139712608384
NAc-shell-rh,pHIP-lh,Accumbens,Hippocampus,0.08060000100654376,0.04574162300583742,-0.03485837800070633,0.03485837800070633
aHIP-lh,THA-VA-lh,Hippocampus,Thal_ant,-0.03446430445547099,0.00013366411842034186,0.03459796857389133,0.03459796857389133
pHIP-rh,THA-VA-rh,Hippocampus,Thal_ant,0.0003276048204736229,0.03456574660306771,0.034238141782594086,0.034238141782594086
THA-DP-rh,mAMY-lh,Thal_post,Amygdala,0.1042439847249683,0.07001676493355795,-0.03422721979141036,0.03422721979141036
pCAU-rh,pHIP-lh,Caudate,Hippocampus,-0.10459424471857495,-0.07066720417013561,0.03392704054843934,0.03392704054843934
NAc-core-rh,aGP-lh,Accumbens,Pallidum,0.08768112860043546,0.0537566600416113,-0.03392446855882416,0.03392446855882416
aGP-rh,pCAU-lh,Pallidum,Caudate,0.09413008361730069,0.06043389310875693,-0.03369619050854376,0.03369619050854376
pGP-rh,aHIP-lh,Pallidum,Hippocampus,-0.027126567754990748,0.006274346009953597,0.03340091376494435,0.03340091376494435
THA-VP-lh,aCAU-lh,Thal_post,Caudate,0.04130628150552289,0.007953329412133458,-0.033352952093389426,0.033352952093389426
pGP-rh,pCAU-lh,Pallidum,Caudate,0.011909987888152158,-0.021436360758448805,-0.033346348646600965,0.033346348646600965
pHIP-rh,aCAU-rh,Hippocampus,Caudate,-0.040996364761765824,-0.00790950787711135,0.03308685688465447,0.03308685688465447
mAMY-lh,aGP-lh,Amygdala,Pallidum,-0.007954815907493395,-0.04097470167605047,-0.03301988576855707,0.03301988576855707
THA-DA-rh,THA-DA-lh,Thal_ant,Thal_ant,0.5980645369132455,0.5655584088638469,-0.032506128049398564,0.032506128049398564
THA-VA-lh,NAc-core-lh,Thal_ant,Accumbens,0.16771912778671702,0.1352941331915189,-0.032424994595198126,0.032424994595198126
THA-DA-rh,aGP-rh,Thal_ant,Pallidum,0.07773885300292578,0.04547563940792717,-0.03226321359499861,0.03226321359499861
THA-VP-lh,pPUT-lh,Thal_post,Putamen,0.1672415500088935,0.19927098205511978,0.03202943204622627,0.03202943204622627
NAc-shell-rh,aCAU-rh,Accumbens,Caudate,0.197514762940833,0.16589097575813788,-0.03162378718269512,0.03162378718269512
lAMY-rh,THA-DA-rh,Amygdala,Thal_ant,-0.046393063347307965,-0.014852214760983267,0.0315408485863247,0.0315408485863247
mAMY-rh,mAMY-lh,Amygdala,Amygdala,0.4947586624432743,0.46334636690298936,-0.03141229554028496,0.03141229554028496
lAMY-lh,NAc-shell-lh,Amygdala,Accumbens,0.033190940616649456,0.001850650517521532,-0.03134029009912792,0.03134029009912792
aGP-rh,THA-DA-lh,Pallidum,Thal_ant,0.0728680767416984,0.04165100166884686,-0.03121707507285154,0.03121707507285154
mAMY-rh,THA-VP-lh,Amygdala,Thal_post,0.05539488014337591,0.08622706451699821,0.030832184373622305,0.030832184373622305
NAc-core-rh,aPUT-rh,Accumbens,Putamen,0.3758951567464091,0.34520379320293965,-0.030691363543469463,0.030691363543469463
pHIP-rh,pGP-lh,Hippocampus,Pallidum,-0.033807041100874194,-0.00314949866600609,0.030657542434868103,0.030657542434868103
NAc-core-lh,aGP-lh,Accumbens,Pallidum,0.09743740891991867,0.0669329990155541,-0.030504409904364566,0.030504409904364566
pGP-rh,pPUT-rh,Pallidum,Putamen,0.1487135194084619,0.11849978054649368,-0.03021373886196821,0.03021373886196821
mAMY-rh,aCAU-rh,Amygdala,Caudate,-0.07535150191444286,-0.04519973378043521,0.030151768134007648,0.030151768134007648
THA-DP-rh,THA-VA-rh,Thal_post,Thal_ant,0.10660159037977911,0.07646320855914103,-0.030138381820638077,0.030138381820638077
THA-DP-rh,aGP-rh,Thal_post,Pallidum,-0.016033628438992607,0.014085230215050275,0.03011885865404288,0.03011885865404288
mAMY-rh,aGP-rh,Amygdala,Pallidum,-0.0403155256473969,-0.010304200582038691,0.030011325065358207,0.030011325065358207
lAMY-rh,NAc-shell-rh,Amygdala,Accumbens,0.043688942224276724,0.013855362594864837,-0.029833579629411886,0.029833579629411886
mAMY-rh,pCAU-lh,Amygdala,Caudate,-0.10138437655725964,-0.07202344741860597,0.029360929138653666,0.029360929138653666
pGP-rh,THA-VA-lh,Pallidum,Thal_ant,0.14608643391349058,0.11688110992336308,-0.0292053239901275,0.0292053239901275
NAc-core-rh,NAc-core-lh,Accumbens,Accumbens,0.48345072521186566,0.4543570473402405,-0.029093677871625145,0.029093677871625145
NAc-core-rh,lAMY-lh,Accumbens,Amygdala,-0.018761343251203825,-0.047743179445664356,-0.02898183619446053,0.02898183619446053
THA-DA-rh,aCAU-lh,Thal_ant,Caudate,0.09383905077792694,0.06498562813242482,-0.028853422645502114,0.028853422645502114
aCAU-rh,aCAU-lh,Caudate,Caudate,0.6464864265847082,0.6179179507767766,-0.028568475807931648,0.028568475807931648
mAMY-rh,pGP-rh,Amygdala,Pallidum,-0.00044144257726432077,-0.02864284352938043,-0.02820140095211611,0.02820140095211611
mAMY-rh,pCAU-rh,Amygdala,Caudate,-0.08484001509172023,-0.05665739411370189,0.028182620978018345,0.028182620978018345
pCAU-rh,aGP-lh,Caudate,Pallidum,0.12205339943839773,0.09387905447634964,-0.028174344962048084,0.028174344962048084
THA-DA-lh,aGP-lh,Thal_ant,Pallidum,0.0960928765078535,0.06825649887430112,-0.027836377633552387,0.027836377633552387
THA-VP-rh,aCAU-lh,Thal_post,Caudate,0.010589392153392283,-0.01705970074314388,-0.027649092896536165,0.027649092896536165
aHIP-rh,THA-VP-lh,Hippocampus,Thal_post,0.06570912481586032,0.038354639416737585,-0.027354485399122733,0.027354485399122733
aPUT-rh,NAc-core-lh,Putamen,Accumbens,0.289915744934884,0.2625790639177794,-0.02733668101710457,0.02733668101710457
aHIP-rh,aCAU-rh,Hippocampus,Caudate,-0.07780006065524077,-0.05093487223019021,0.026865188425050555,0.026865188425050555
lAMY-rh,THA-VP-lh,Amygdala,Thal_post,0.036538798131178676,0.06336029760672654,0.026821499475547864,0.026821499475547864
NAc-shell-lh,aGP-lh,Accumbens,Pallidum,0.07203781792782471,0.045391595341278325,-0.026646222586546385,0.026646222586546385
aHIP-lh,aPUT-lh,Hippocampus,Putamen,-0.050190696956066524,-0.0235584546987054,0.026632242257361126,0.026632242257361126
pPUT-rh,NAc-core-lh,Putamen,Accumbens,0.09147371487334563,0.06497698377691637,-0.026496731096429263,0.026496731096429263
aHIP-rh,NAc-shell-rh,Hippocampus,Accumbens,0.10194864879460797,0.12843643229896012,0.026487783504352158,0.026487783504352158
NAc-shell-rh,aCAU-lh,Accumbens,Caudate,0.18014801323203983,0.1538099603137052,-0.02633805291833463,0.02633805291833463
THA-VP-rh,pGP-rh,Thal_post,Pallidum,0.10107568339617809,0.0749407385865023,-0.026134944809675792,0.026134944809675792
aCAU-rh,NAc-core-lh,Caudate,Accumbens,0.34596294530720684,0.3199648549247366,-0.02599809038247025,0.02599809038247025
mAMY-rh,THA-DA-lh,Amygdala,Thal_ant,-0.05017820601740901,-0.02423738892512089,0.025940817092288116,0.025940817092288116
mAMY-lh,THA-DA-lh,Amygdala,Thal_ant,-0.05138266832600714,-0.025528409270449668,0.02585425905555747,0.02585425905555747
THA-DP-rh,pPUT-rh,Thal_post,Putamen,0.01797721866068272,0.0437231699144109,0.02574595125372818,0.02574595125372818
THA-VA-rh,NAc-shell-lh,Thal_ant,Accumbens,0.10061475102254488,0.074906487872137,-0.02570826315040789,0.02570826315040789
pCAU-rh,THA-DA-lh,Caudate,Thal_ant,0.15965859639199095,0.1342445849723037,-0.025414011419687244,0.025414011419687244
THA-DA-rh,mAMY-lh,Thal_ant,Amygdala,-0.05303469490727585,-0.02772306458139032,0.025311630325885532,0.025311630325885532
mAMY-rh,aGP-lh,Amygdala,Pallidum,-0.03915671013341409,-0.013854386992539611,0.02530232314087448,0.02530232314087448
pPUT-rh,NAc-shell-lh,Putamen,Accumbens,0.045679985088457886,0.020615065775515626,-0.02506491931294226,0.02506491931294226
THA-VP-rh,THA-DP-lh,Thal_post,Thal_post,0.2772678804387966,0.30194776002790064,0.02467987958910406,0.02467987958910406
NAc-core-rh,aHIP-lh,Accumbens,Hippocampus,-0.003017531630161096,-0.027665143456667977,-0.02464761182650688,0.02464761182650688
THA-DA-lh,NAc-core-lh,Thal_ant,Accumbens,0.07905547918883019,0.05443707476218786,-0.024618404426642322,0.024618404426642322
aPUT-rh,NAc-shell-lh,Putamen,Accumbens,0.20206121650148048,0.17746009562065543,-0.024601120880825056,0.024601120880825056
mAMY-rh,aCAU-lh,Amygdala,Caudate,-0.07669822131143957,-0.05213944147118101,0.024558779840258553,0.024558779840258553
pHIP-rh,pCAU-rh,Hippocampus,Caudate,-0.07516656479685761,-0.0507595540757793,0.024407010721078315,0.024407010721078315
aHIP-lh,THA-DA-lh,Hippocampus,Thal_ant,-0.024925107426898886,-0.04909834711093237,-0.024173239684033482,0.024173239684033482
THA-VP-rh,aPUT-rh,Thal_post,Putamen,0.08006615437940666,0.10422079978203064,0.024154645402623978,0.024154645402623978
NAc-core-lh,pCAU-lh,Accumbens,Caudate,0.18546560287060274,0.16134744498638479,-0.02411815788421795,0.02411815788421795
pHIP-rh,NAc-shell-lh,Hippocampus,Accumbens,0.09951001824699815,0.0754598414350301,-0.024050176811968055,0.024050176811968055
pHIP-lh,NAc-shell-lh,Hippocampus,Accumbens,0.08537819884701346,0.06144912751612198,-0.023929071330891484,0.023929071330891484
aGP-rh,aHIP-lh,Pallidum,Hippocampus,-0.08277889217154424,-0.059588315528304604,0.02319057664323964,0.02319057664323964
THA-DP-rh,aGP-lh,Thal_post,Pallidum,0.01600367892158777,-0.006706790943042412,-0.022710469864630184,0.022710469864630184
mAMY-lh,NAc-core-lh,Amygdala,Accumbens,0.01613571878973654,-0.006416942805327117,-0.022552661595063656,0.022552661595063656
aHIP-lh,mAMY-lh,Hippocampus,Amygdala,0.3826492630939284,0.3602352979659462,-0.02241396512798216,0.02241396512798216
NAc-core-lh,aPUT-lh,Accumbens,Putamen,0.3448013905784052,0.3224942355666835,-0.022307155011721702,0.022307155011721702
aHIP-rh,aGP-rh,Hippocampus,Pallidum,-0.06802306980526648,-0.045870192509875916,0.022152877295390568,0.022152877295390568
pCAU-rh,NAc-core-lh,Caudate,Accumbens,0.18253654156590896,0.16050049571159156,-0.0220360458543174,0.0220360458543174
mAMY-rh,THA-DA-rh,Amygdala,Thal_ant,-0.06245867197162782,-0.040453326279907297,0.022005345691720524,0.022005345691720524
NAc-shell-rh,pPUT-rh,Accumbens,Putamen,0.038589106216143663,0.016630204057823516,-0.021958902158320148,0.021958902158320148
mAMY-rh,lAMY-lh,Amygdala,Amygdala,0.32062320457416227,0.29871171892607756,-0.021911485648084705,0.021911485648084705
aHIP-lh,pCAU-lh,Hippocampus,Caudate,-0.09406164530788232,-0.0723018595738728,0.02175978573400951,0.02175978573400951
mAMY-lh,pCAU-lh,Amygdala,Caudate,-0.05844197256140737,-0.03689953994353013,0.021542432617877236,0.021542432617877236
pHIP-rh,NAc-core-rh,Hippocampus,Accumbens,0.029958105922221586,0.05142744371813041,0.021469337795908826,0.021469337795908826
pGP-rh,pPUT-lh,Pallidum,Putamen,0.09778881398977778,0.07636583326205501,-0.021422980727722765,0.021422980727722765
THA-VA-rh,aHIP-lh,Thal_ant,Hippocampus,-0.1053766812130601,-0.0839655391263343,0.0214111420867258,0.0214111420867258
lAMY-rh,pGP-rh,Amygdala,Pallidum,0.014951706885036626,-0.0063334280502037295,-0.021285134935240355,0.021285134935240355
aCAU-rh,THA-VP-lh,Caudate,Thal_post,0.028961567896046436,0.007732052299151204,-0.021229515596895232,0.021229515596895232
mAMY-rh,THA-DP-lh,Amygdala,Thal_post,0.11339777239809735,0.0923338840800934,-0.02106388831800396,0.02106388831800396
aGP-lh,pPUT-lh,Pallidum,Putamen,0.12486572558234012,0.10391216219181883,-0.02095356339052129,0.02095356339052129
aHIP-rh,NAc-core-rh,Hippocampus,Accumbens,-0.006702343113620021,0.01419471460254188,0.0208970577161619,0.0208970577161619
NAc-core-rh,aCAU-lh,Accumbens,Caudate,0.3338424396312404,0.3130115707638318,-0.020830868867408592,0.020830868867408592
THA-VA-rh,THA-DP-lh,Thal_ant,Thal_post,0.08713595616153211,0.06631674797112297,-0.02081920819040914,0.02081920819040914
aHIP-rh,pPUT-lh,Hippocampus,Putamen,-0.040768031280364436,-0.02016084139815629,0.020607189882208145,0.020607189882208145
THA-DA-rh,pHIP-lh,Thal_ant,Hippocampus,0.014187505950487959,-0.005957488242868141,-0.0201449941933561,0.0201449941933561
NAc-core-lh,pGP-lh,Accumbens,Pallidum,0.02099755647799078,0.0009651873922841484,-0.02003236908570663,0.02003236908570663
pHIP-lh,THA-DA-lh,Hippocampus,Thal_ant,0.02181558511572332,0.0018122815172212467,-0.02000330359850207,0.02000330359850207
mAMY-rh,pPUT-rh,Amygdala,Putamen,0.025581741984996714,0.04558113019522456,0.01999938821022785,0.01999938821022785
mAMY-rh,pPUT-lh,Amygdala,Putamen,0.029887294459156232,0.04959691005687075,0.01970961559771452,0.01970961559771452
aHIP-lh,pPUT-lh,Hippocampus,Putamen,-0.040193741236971794,-0.05983109350970559,-0.019637352272733798,0.019637352272733798
THA-DP-lh,aCAU-lh,Thal_post,Caudate,-0.033468011532975274,-0.014160623040189953,0.01930738849278532,0.01930738849278532
NAc-shell-lh,aPUT-lh,Accumbens,Putamen,0.2231957407180562,0.20398390789107043,-0.01921183282698577,0.01921183282698577
NAc-shell-lh,aCAU-lh,Accumbens,Caudate,0.23945473192613745,0.22027076352174693,-0.019183968404390517,0.019183968404390517
pGP-rh,pHIP-lh,Pallidum,Hippocampus,-0.012399367469971879,0.006709411455110633,0.01910877892508251,0.01910877892508251
THA-DA-rh,NAc-core-lh,Thal_ant,Accumbens,0.06403931326344434,0.04494058723258737,-0.019098726030856966,0.019098726030856966
THA-DP-rh,THA-DP-lh,Thal_post,Thal_post,0.4434638887496955,0.4245407740408487,-0.018923114708846778,0.018923114708846778
pPUT-rh,lAMY-lh,Putamen,Amygdala,0.009463069397013532,0.028334540650000108,0.018871471252986577,0.018871471252986577
pHIP-rh,lAMY-rh,Hippocampus,Amygdala,0.09457320631958012,0.07579182989177441,-0.01878137642780571,0.01878137642780571
THA-DA-rh,pPUT-rh,Thal_ant,Putamen,0.1459335120826132,0.12715727767405152,-0.018776234408561687,0.018776234408561687
THA-DA-rh,pCAU-rh,Thal_ant,Caudate,0.1532017886407328,0.13446566192768786,-0.018736126713044948,0.018736126713044948
THA-VA-rh,NAc-shell-rh,Thal_ant,Accumbens,0.09025948670602761,0.07160882808638117,-0.018650658619646446,0.018650658619646446
THA-VA-rh,lAMY-lh,Thal_ant,Amygdala,-0.05703266177561108,-0.038428721663907456,0.018603940111703625,0.018603940111703625
THA-DP-rh,aPUT-rh,Thal_post,Putamen,0.0023742364605887785,0.020912469799537026,0.01853823333894825,0.01853823333894825
aHIP-rh,THA-DA-rh,Hippocampus,Thal_ant,-0.04609741990569315,-0.06462479347766827,-0.018527373571975113,0.018527373571975113
THA-DA-rh,aPUT-lh,Thal_ant,Putamen,0.12025876909644487,0.10174904048613528,-0.018509728610309584,0.018509728610309584
aPUT-rh,THA-DP-lh,Putamen,Thal_post,-0.023075452179625994,-0.004642719497956685,0.01843273268166931,0.01843273268166931
THA-VA-rh,pHIP-lh,Thal_ant,Hippocampus,-0.04056130542370826,-0.022173611189936313,0.01838769423377195,0.01838769423377195
aHIP-rh,pCAU-lh,Hippocampus,Caudate,-0.10840896741552188,-0.09024726594275184,0.018161701472770034,0.018161701472770034
NAc-shell-rh,aPUT-rh,Accumbens,Putamen,0.2175348893305526,0.19944166705227484,-0.018093222278277754,0.018093222278277754
THA-DA-rh,aGP-lh,Thal_ant,Pallidum,0.06797417613285764,0.04991732933957678,-0.01805684679328086,0.01805684679328086
THA-DP-rh,aCAU-rh,Thal_post,Caudate,-0.04842859166292917,-0.030434942708764668,0.017993648954164502,0.017993648954164502
pPUT-rh,aHIP-lh,Putamen,Hippocampus,-0.0605500130272555,-0.042565224076597186,0.017984788950658318,0.017984788950658318
THA-DP-lh,aPUT-lh,Thal_post,Putamen,0.0019899845617314975,0.019807189511163774,0.017817204949432276,0.017817204949432276
pHIP-rh,THA-DA-lh,Hippocampus,Thal_ant,0.013225259259278328,0.030769195095356913,0.017543935836078585,0.017543935836078585
aGP-lh,aPUT-lh,Pallidum,Putamen,0.19797336752271483,0.1804371097830158,-0.017536257739699024,0.017536257739699024
NAc-shell-rh,pCAU-lh,Accumbens,Caudate,0.06806735187640213,0.05068044877571763,-0.017386903100684498,0.017386903100684498
aHIP-lh,aGP-lh,Hippocampus,Pallidum,-0.0658571753122963,-0.08310965867999495,-0.01725248336769865,0.01725248336769865
NAc-core-rh,pCAU-rh,Accumbens,Caudate,0.19465280372732763,0.1775872746344251,-0.017065529092902515,0.017065529092902515
aHIP-rh,pGP-lh,Hippocampus,Pallidum,-0.02499648658258472,-0.008025438731167074,0.016971047851417644,0.016971047851417644
pPUT-rh,mAMY-lh,Putamen,Amygdala,0.03474771386154961,0.05143272327056206,0.01668500940901245,0.01668500940901245
aPUT-rh,THA-DA-lh,Putamen,Thal_ant,0.1157114023807445,0.099400142625881,-0.0163112597548635,0.0163112597548635
mAMY-rh,NAc-core-rh,Amygdala,Accumbens,0.013025987367090892,-0.003279518104802355,-0.016305505471893248,0.016305505471893248
THA-DP-rh,NAc-core-lh,Thal_post,Accumbens,-0.008553831207595262,-0.024711983866708014,-0.016158152659112753,0.016158152659112753
THA-DP-rh,NAc-shell-rh,Thal_post,Accumbens,0.04335287233568417,0.027361225382628033,-0.015991646953056136,0.015991646953056136
aHIP-rh,THA-DA-lh,Hippocampus,Thal_ant,-0.023799452740744208,-0.03951265015651055,-0.015713197415766343,0.015713197415766343
NAc-shell-rh,THA-VA-lh,Accumbens,Thal_ant,0.13964044817818308,0.12406192352887463,-0.01557852464930845,0.01557852464930845
NAc-core-rh,aPUT-lh,Accumbens,Putamen,0.32042106466424786,0.30484538877039136,-0.0155756758938565,0.0155756758938565
THA-DP-lh,NAc-core-lh,Thal_post,Accumbens,-0.0073746774108859195,-0.02292941492247897,-0.015554737511593052,0.015554737511593052
aHIP-rh,THA-VA-rh,Hippocampus,Thal_ant,-0.09391252985731935,-0.0786344915695693,0.015278038287750054,0.015278038287750054
THA-DP-lh,THA-VP-lh,Thal_post,Thal_post,0.37626841189579013,0.36111022505044865,-0.015158186845341481,0.015158186845341481
mAMY-rh,THA-VP-rh,Amygdala,Thal_post,0.03866661250916414,0.05361004179863781,0.014943429289473675,0.014943429289473675
NAc-shell-lh,pGP-lh,Accumbens,Pallidum,0.025418119578740968,0.010503940597713281,-0.014914178981027686,0.014914178981027686
lAMY-rh,NAc-core-rh,Amygdala,Accumbens,-0.029104852345980963,-0.043959449816252556,-0.014854597470271593,0.014854597470271593
pGP-lh,pPUT-lh,Pallidum,Putamen,0.21883912730351862,0.2336139629865394,0.014774835683020765,0.014774835683020765
THA-VP-lh,aPUT-lh,Thal_post,Putamen,0.10488952127970201,0.09032433371555591,-0.014565187564146098,0.014565187564146098
THA-VA-rh,pGP-rh,Thal_ant,Pallidum,0.16082204164970282,0.1462573218149485,-0.014564719834754325,0.014564719834754325
NAc-core-rh,NAc-shell-lh,Accumbens,Accumbens,0.36124594876493427,0.34676208037047973,-0.014483868394454535,0.014483868394454535
lAMY-rh,pCAU-lh,Amygdala,Caudate,-0.052199898635236594,-0.037789360147663605,0.01441053848757299,0.01441053848757299
aGP-rh,lAMY-lh,Pallidum,Amygdala,-0.031481216400726104,-0.01711388216637844,0.014367334234347665,0.014367334234347665
lAMY-lh,pCAU-lh,Amygdala,Caudate,-0.06949911140799929,-0.055148800371228136,0.014350311036771153,0.014350311036771153
pHIP-rh,pGP-rh,Hippocampus,Pallidum,-0.0033323437544793494,0.01100079104230329,0.01433313479678264,0.01433313479678264
lAMY-rh,aGP-lh,Amygdala,Pallidum,-0.029972606428711794,-0.04425571289768841,-0.014283106468976618,0.014283106468976618
THA-DP-lh,aGP-lh,Thal_post,Pallidum,0.027747978751353295,0.013474310488184071,-0.014273668263169224,0.014273668263169224
pHIP-rh,lAMY-lh,Hippocampus,Amygdala,0.09023301058500406,0.07602518418229136,-0.014207826402712703,0.014207826402712703
NAc-core-rh,pHIP-lh,Accumbens,Hippocampus,-0.007834107766134314,0.006353985999668772,0.014188093765803086,0.014188093765803086
NAc-core-rh,pCAU-lh,Accumbens,Caudate,0.17384304447934432,0.1597399548080461,-0.014103089671298225,0.014103089671298225
pHIP-rh,aGP-lh,Hippocampus,Pallidum,-0.029953793592817895,-0.04398085358102241,-0.014027059988204516,0.014027059988204516
THA-VP-lh,pCAU-lh,Thal_post,Caudate,0.05083985527097422,0.03694483871914399,-0.01389501655183023,0.01389501655183023
THA-VA-rh,mAMY-lh,Thal_ant,Amygdala,-0.0323649545033819,-0.0190244312394204,0.013340523263961498,0.013340523263961498
aCAU-rh,lAMY-lh,Caudate,Amygdala,-0.060529681952248164,-0.07369446973423245,-0.013164787781984287,0.013164787781984287
aHIP-rh,pCAU-rh,Hippocampus,Caudate,-0.11679259643531523,-0.10366453326795112,0.013128063167364104,0.013128063167364104
pHIP-rh,THA-VP-rh,Hippocampus,Thal_post,0.04831456840530505,0.03518934645222136,-0.013125221953083688,0.013125221953083688
lAMY-lh,NAc-core-lh,Amygdala,Accumbens,-0.018743482629078156,-0.03181850135140643,-0.013075018722328274,0.013075018722328274
lAMY-lh,aCAU-lh,Amygdala,Caudate,-0.061834208272765805,-0.048760357145718254,0.01307385112704755,0.01307385112704755
aCAU-rh,aHIP-lh,Caudate,Hippocampus,-0.08026287922543139,-0.06727243597695401,0.012990443248477382,0.012990443248477382
lAMY-lh,THA-VP-lh,Amygdala,Thal_post,0.019370036661994574,0.006382189531612367,-0.012987847130382207,0.012987847130382207
lAMY-rh,aPUT-rh,Amygdala,Putamen,-0.004898534618882566,0.008069531974254024,0.01296806659313659,0.01296806659313659
aPUT-rh,THA-VP-lh,Putamen,Thal_post,0.07193398575447359,0.05897343094420299,-0.0129605548102706,0.0129605548102706
NAc-shell-rh,THA-DP-lh,Accumbens,Thal_post,0.0368965698648144,0.023989679097232246,-0.012906890767582151,0.012906890767582151
aHIP-rh,pGP-rh,Hippocampus,Pallidum,-0.018652636145609688,-0.005805808894974373,0.012846827250635314,0.012846827250635314
THA-DP-lh,THA-VA-lh,Thal_post,Thal_ant,0.08514334651357165,0.07255961689076212,-0.012583729622809528,0.012583729622809528
lAMY-rh,pGP-lh,Amygdala,Pallidum,-0.008021929605698258,0.0045602016453298025,0.01258213125102806,0.01258213125102806
aHIP-rh,NAc-shell-lh,Hippocampus,Accumbens,0.10256617566061198,0.11511280322029284,0.012546627559680862,0.012546627559680862
aHIP-lh,lAMY-lh,Hippocampus,Amygdala,0.34402566935183937,0.33152799777317343,-0.012497671578665936,0.012497671578665936
THA-DP-rh,THA-DA-rh,Thal_post,Thal_ant,0.18845081366487046,0.20053992220704725,0.01208910854217679,0.01208910854217679
THA-DP-rh,NAc-shell-lh,Thal_post,Accumbens,0.03676388381102099,0.024741115173010766,-0.012022768638010224,0.012022768638010224
lAMY-lh,pGP-lh,Amygdala,Pallidum,0.010028546035599361,-0.0015754239352996622,-0.011603969970899023,0.011603969970899023
THA-VP-rh,aCAU-rh,Thal_post,Caudate,0.01617407471061297,0.004585949456242275,-0.011588125254370696,0.011588125254370696
THA-DP-lh,NAc-shell-lh,Thal_post,Accumbens,0.03650031054002536,0.02498172142330791,-0.011518589116717447,0.011518589116717447
NAc-shell-rh,pCAU-rh,Accumbens,Caudate,0.07941458128655172,0.06795678095717628,-0.011457800329375448,0.011457800329375448
THA-VP-rh,NAc-core-lh,Thal_post,Accumbens,0.015151436735668202,0.02656612907955366,0.011414692343885457,0.011414692343885457
THA-DP-rh,aPUT-lh,Thal_post,Putamen,0.0049793686538196534,0.016367312128110725,0.011387943474291073,0.011387943474291073
THA-VP-lh,NAc-core-lh,Thal_post,Accumbens,0.03205410314857882,0.02071754463482389,-0.011336558513754934,0.011336558513754934
pHIP-lh,NAc-core-lh,Hippocampus,Accumbens,0.029678379922632062,0.018357911267581628,-0.011320468655050434,0.011320468655050434
pHIP-rh,NAc-core-lh,Hippocampus,Accumbens,0.029621278520880614,0.04090252289726025,0.011281244376379635,0.011281244376379635
THA-VP-rh,pCAU-rh,Thal_post,Caudate,0.011231555429608592,0.022347684913506183,0.011116129483897591,0.011116129483897591
mAMY-lh,THA-VA-lh,Amygdala,Thal_ant,0.013738435883637674,0.02458024353318077,0.010841807649543095,0.010841807649543095
THA-VP-lh,THA-DA-lh,Thal_post,Thal_ant,0.3234715196980445,0.3127996883328422,-0.010671831365202278,0.010671831365202278
lAMY-rh,pPUT-rh,Amygdala,Putamen,0.015918894714800406,0.026524533462032266,0.01060563874723186,0.01060563874723186
mAMY-rh,THA-DP-rh,Amygdala,Thal_post,0.09353616469960455,0.08298900159744044,-0.010547163102164109,0.010547163102164109
mAMY-lh,pGP-lh,Amygdala,Pallidum,0.01676681267535225,0.0062976566504949864,-0.010469156024857262,0.010469156024857262
aHIP-lh,aCAU-lh,Hippocampus,Caudate,-0.051129561547977945,-0.040684193507765885,0.01044536804021206,0.01044536804021206
THA-VP-rh,NAc-shell-lh,Thal_post,Accumbens,0.020338407819730432,0.009956925470032957,-0.010381482349697475,0.010381482349697475
lAMY-rh,aCAU-lh,Amygdala,Caudate,-0.04464358329977332,-0.03500976222054131,0.00963382107923201,0.00963382107923201
THA-VA-rh,NAc-core-rh,Thal_ant,Accumbens,0.15293677199736994,0.14341280074751794,-0.009523971249851992,0.009523971249851992
mAMY-lh,aPUT-lh,Amygdala,Putamen,0.041109216777862945,0.03165093069688207,-0.009458286080980878,0.009458286080980878
mAMY-rh,THA-VA-lh,Amygdala,Thal_ant,-0.024685647642001173,-0.03409273748431283,-0.009407089842311658,0.009407089842311658
NAc-core-rh,aCAU-rh,Accumbens,Caudate,0.37426920824404736,0.36491858513058667,-0.009350623113460688,0.009350623113460688
THA-DA-rh,aCAU-rh,Thal_ant,Caudate,0.11974219822665233,0.11045387356317377,-0.009288324663478564,0.009288324663478564
aHIP-lh,pGP-lh,Hippocampus,Pallidum,-0.0427023852673034,-0.05193896456659125,-0.009236579299287853,0.009236579299287853
THA-DA-rh,THA-DP-lh,Thal_ant,Thal_post,0.1561242805324661,0.1653131059441184,0.009188825411652307,0.009188825411652307
NAc-core-rh,THA-VA-lh,Accumbens,Thal_ant,0.15449096166780332,0.1454949013104906,-0.008996060357312735,0.008996060357312735
THA-DA-rh,aPUT-rh,Thal_ant,Putamen,0.13877543501629494,0.12978590795958164,-0.008989527056713298,0.008989527056713298
THA-DP-rh,pCAU-rh,Thal_post,Caudate,-0.06744765108830765,-0.058559026820814736,0.008888624267492914,0.008888624267492914
THA-VP-lh,NAc-shell-lh,Thal_post,Accumbens,0.04880324046255805,0.040035270175364006,-0.008767970287194046,0.008767970287194046
mAMY-rh,THA-VA-rh,Amygdala,Thal_ant,-0.05055619971978447,-0.04187772183255046,0.008678477887234012,0.008678477887234012
lAMY-lh,THA-DA-lh,Amygdala,Thal_ant,-0.03985092740279137,-0.04848375497939784,-0.008632827576606467,0.008632827576606467
THA-DP-rh,lAMY-lh,Thal_post,Amygdala,0.05364920414073349,0.045331438135163465,-0.008317766005570028,0.008317766005570028
NAc-core-rh,THA-DP-lh,Accumbens,Thal_post,-0.019685805322879845,-0.027841666195786416,-0.00815586087290657,0.00815586087290657
pGP-rh,lAMY-lh,Pallidum,Amygdala,0.01954811781105317,0.027685108830436057,0.008136991019382887,0.008136991019382887
pCAU-rh,aHIP-lh,Caudate,Hippocampus,-0.11328377627137816,-0.10520204630673988,0.008081729964638282,0.008081729964638282
pCAU-rh,mAMY-lh,Caudate,Amygdala,-0.05252688141565132,-0.04491843424758597,0.007608447168065351,0.007608447168065351
THA-DA-rh,NAc-core-rh,Thal_ant,Accumbens,0.07398904447197767,0.06642133521624906,-0.007567709255728611,0.007567709255728611
aPUT-rh,lAMY-lh,Putamen,Amygdala,-0.006693237488314013,0.0008652374414521835,0.007558474929766196,0.007558474929766196
pCAU-rh,THA-DP-lh,Caudate,Thal_post,-0.05099704009072647,-0.04347869691313698,0.0075183431775894885,0.0075183431775894885
mAMY-rh,NAc-shell-rh,Amygdala,Accumbens,0.1298112635438043,0.1223674004961671,-0.007443863047637195,0.007443863047637195
aHIP-lh,NAc-core-lh,Hippocampus,Accumbens,0.01193153480767414,0.019325223938227415,0.007393689130553275,0.007393689130553275
aCAU-rh,mAMY-lh,Caudate,Amygdala,-0.04681388280544453,-0.03955841275524245,0.007255470050202079,0.007255470050202079
THA-DP-rh,aCAU-lh,Thal_post,Caudate,-0.050885267910014555,-0.05813168023770464,-0.007246412327690084,0.007246412327690084
aHIP-rh,NAc-core-lh,Hippocampus,Accumbens,0.012529389462659411,0.019757911280463714,0.007228521817804303,0.007228521817804303
lAMY-rh,pCAU-rh,Amygdala,Caudate,-0.04867038682901281,-0.041589764838611716,0.007080621990401097,0.007080621990401097
NAc-shell-rh,THA-DA-lh,Accumbens,Thal_ant,0.06770526917489302,0.06072971730762321,-0.006975551867269808,0.006975551867269808
NAc-shell-lh,pCAU-lh,Accumbens,Caudate,0.08994433314101238,0.08301022404612163,-0.006934109094890756,0.006934109094890756
mAMY-lh,aCAU-lh,Amygdala,Caudate,-0.027497866308627043,-0.03441191944688649,-0.006914053138259449,0.006914053138259449
THA-VA-rh,NAc-core-lh,Thal_ant,Accumbens,0.11385044701107991,0.10694728949600335,-0.006903157515076558,0.006903157515076558
pHIP-lh,THA-VA-lh,Hippocampus,Thal_ant,0.005878498941774553,0.012645371996350335,0.006766873054575782,0.006766873054575782
pHIP-rh,THA-VP-lh,Hippocampus,Thal_post,0.03639058440475858,0.029798625355146446,-0.006591959049612132,0.006591959049612132
THA-DA-rh,NAc-shell-lh,Thal_ant,Accumbens,0.04468103965754001,0.03835629032269661,-0.006324749334843401,0.006324749334843401
lAMY-rh,THA-DP-lh,Amygdala,Thal_post,0.05873242315239098,0.0650527875965141,0.006320364444123122,0.006320364444123122
THA-DP-rh,THA-VA-lh,Thal_post,Thal_ant,0.05639102619042239,0.06270288612479098,0.0063118599343685924,0.0063118599343685924
lAMY-rh,NAc-core-lh,Amygdala,Accumbens,-0.01251766224873686,-0.01878908746514251,-0.006271425216405651,0.006271425216405651
THA-DP-rh,pHIP-lh,Thal_post,Hippocampus,0.1620510933832693,0.16819198272008481,0.006140889336815503,0.006140889336815503
THA-DA-rh,aHIP-lh,Thal_ant,Hippocampus,-0.042406191926577054,-0.04847056154392538,-0.006064369617348325,0.006064369617348325
pGP-rh,THA-DP-lh,Pallidum,Thal_post,0.01028154206644877,0.016174871075001852,0.005893329008553083,0.005893329008553083
mAMY-rh,pGP-lh,Amygdala,Pallidum,0.0104235556667424,0.016061805180005724,0.005638249513263324,0.005638249513263324
aGP-rh,mAMY-lh,Pallidum,Amygdala,-0.02726341741266711,-0.032787758309233174,-0.0055243408965660636,0.0055243408965660636
THA-DA-lh,NAc-shell-lh,Thal_ant,Accumbens,0.05605031045002884,0.06156996855194952,0.005519658101920677,0.005519658101920677
aCAU-rh,NAc-shell-lh,Caudate,Accumbens,0.21497414594686617,0.20972450963155276,-0.005249636315313416,0.005249636315313416
pCAU-rh,lAMY-lh,Caudate,Amygdala,-0.0679391910416821,-0.06274586517760476,0.005193325864077336,0.005193325864077336
aGP-rh,THA-DP-lh,Pallidum,Thal_post,-0.009469692430414537,-0.01460496307638759,-0.005135270645973052,0.005135270645973052
aCAU-rh,THA-DA-lh,Caudate,Thal_ant,0.11998926428096722,0.12505038182691255,0.0050611175459453345,0.0050611175459453345
mAMY-lh,pPUT-lh,Amygdala,Putamen,0.06458257004704947,0.05959617437392856,-0.004986395673120911,0.004986395673120911
pGP-rh,mAMY-lh,Pallidum,Amygdala,0.007615675187476369,0.0026620833389269074,-0.004953591848549462,0.004953591848549462
lAMY-lh,pPUT-lh,Amygdala,Putamen,0.023646442911135702,0.018796292846626865,-0.004850150064508837,0.004850150064508837
lAMY-rh,THA-VP-rh,Amygdala,Thal_post,0.02765844842863232,0.03248291015953874,0.004824461730906421,0.004824461730906421
pHIP-lh,THA-DP-lh,Hippocampus,Thal_post,0.2188563533880615,0.22358852557404713,0.0047321721859856225,0.0047321721859856225
pPUT-rh,THA-VP-lh,Putamen,Thal_post,0.13791684287048486,0.14257230433337953,0.004655461462894667,0.004655461462894667
pHIP-rh,NAc-shell-rh,Hippocampus,Accumbens,0.09039380182521543,0.0858632193084613,-0.004530582516754131,0.004530582516754131
lAMY-rh,pPUT-lh,Amygdala,Putamen,0.005837483045436802,0.010356845841249273,0.004519362795812471,0.004519362795812471
THA-VP-rh,pCAU-lh,Thal_post,Caudate,0.02848868045870389,0.03296360282700592,0.004474922368302027,0.004474922368302027
mAMY-rh,NAc-shell-lh,Amygdala,Accumbens,0.10247101694352953,0.09805139964385776,-0.004419617299671774,0.004419617299671774
lAMY-rh,THA-VA-lh,Amygdala,Thal_ant,-0.037147076361437374,-0.03282879902043945,0.004318277340997927,0.004318277340997927
NAc-core-rh,THA-VP-lh,Accumbens,Thal_post,0.025373839793829695,0.029503903439799143,0.004130063645969448,0.004130063645969448
NAc-core-rh,THA-DA-lh,Accumbens,Thal_ant,0.06641387704127473,0.06245842342191222,-0.00395545361936251,0.00395545361936251
NAc-shell-rh,aGP-lh,Accumbens,Pallidum,0.051113496178206215,0.04732425388712211,-0.0037892422910841064,0.0037892422910841064
THA-DP-lh,pGP-lh,Thal_post,Pallidum,0.033924732566921224,0.037563391214814855,0.0036386586478936306,0.0036386586478936306
THA-DP-rh,pGP-rh,Thal_post,Pallidum,0.042361284526035506,0.03877776768482513,-0.003583516841210374,0.003583516841210374
mAMY-rh,NAc-core-lh,Amygdala,Accumbens,0.006213472331292084,0.009762682564149541,0.003549210232857457,0.003549210232857457
THA-VP-rh,mAMY-lh,Thal_post,Amygdala,0.03647934806967412,0.03294309644697857,-0.003536251622695552,0.003536251622695552
pCAU-rh,NAc-shell-lh,Caudate,Accumbens,0.0902219424024265,0.08677317386015306,-0.0034487685422734393,0.0034487685422734393
THA-DP-rh,pGP-lh,Thal_post,Pallidum,0.013602226699920658,0.010207062316561983,-0.0033951643833586755,0.0033951643833586755
THA-DP-rh,THA-DA-lh,Thal_post,Thal_ant,0.12091582401119985,0.12419420628653018,0.0032783822753303243,0.0032783822753303243
lAMY-rh,aPUT-lh,Amygdala,Putamen,-0.006604329878499064,-0.0034280855184190846,0.0031762443600799797,0.0031762443600799797
pCAU-rh,THA-VP-lh,Caudate,Thal_post,0.02413083527701038,0.02727739478689631,0.0031465595098859288,0.0031465595098859288
lAMY-rh,THA-VA-rh,Amygdala,Thal_ant,-0.05147206574199731,-0.04861497686075587,0.0028570888812414416,0.0028570888812414416
THA-VP-rh,aPUT-lh,Thal_post,Putamen,0.0782746115039575,0.0809275119960169,0.002652900492059407,0.002652900492059407
lAMY-lh,aGP-lh,Amygdala,Pallidum,-0.029798100047645697,-0.027323840207422307,0.0024742598402233903,0.0024742598402233903
lAMY-lh,aPUT-lh,Amygdala,Putamen,0.0008620497492141182,-0.0013467728486936809,-0.002208822597907799,0.002208822597907799
lAMY-rh,THA-DA-lh,Amygdala,Thal_ant,-0.028342265037697333,-0.03054245966170249,-0.0022001946240051556,0.0022001946240051556
aHIP-rh,aGP-lh,Hippocampus,Pallidum,-0.05263446222852823,-0.05051700557855843,0.002117456649969804,0.002117456649969804
mAMY-lh,THA-VP-lh,Amygdala,Thal_post,0.029062392028521292,0.026968256148232967,-0.0020941358802883253,0.0020941358802883253
aPUT-rh,mAMY-lh,Putamen,Amygdala,0.03173366622096191,0.030173970692613277,-0.001559695528348632,0.001559695528348632
THA-VP-rh,NAc-shell-rh,Thal_post,Accumbens,-0.007165775799054451,-0.00869965203008114,-0.0015338762310266882,0.0015338762310266882
lAMY-rh,THA-DP-rh,Amygdala,Thal_post,0.06372034508695988,0.0652042552457704,0.0014839101588105252,0.0014839101588105252
THA-DP-rh,NAc-core-rh,Thal_post,Accumbens,0.0029382637237904915,0.0015862672600816669,-0.0013519964637088247,0.0013519964637088247
lAMY-rh,aGP-rh,Amygdala,Pallidum,-0.029280660855724082,-0.027932070729559732,0.00134859012616435,0.00134859012616435
THA-DA-rh,pCAU-lh,Thal_ant,Caudate,0.14726682208483882,0.14610112643934392,-0.001165695645494902,0.001165695645494902
pHIP-rh,THA-DA-rh,Hippocampus,Thal_ant,0.021620613495746562,0.020676414496456626,-0.0009441989992899358,0.0009441989992899358
THA-VP-rh,lAMY-lh,Thal_post,Amygdala,0.012061255783687927,0.011293342292499066,-0.0007679134911888607,0.0007679134911888607
mAMY-rh,aPUT-rh,Amygdala,Putamen,0.030170979224952325,0.029587334903938372,-0.0005836443210139527,0.0005836443210139527
pHIP-rh,aGP-rh,Hippocampus,Pallidum,-0.04515929000867909,-0.04572350112229274,-0.0005642111136136482,0.0005642111136136482
lAMY-rh,aCAU-rh,Amygdala,Caudate,-0.048478393073171075,-0.049020929883198755,-0.0005425368100276801,0.0005425368100276801
THA-DA-rh,NAc-shell-rh,Thal_ant,Accumbens,0.017252484221981872,0.016775892403447325,-0.0004765918185345476,0.0004765918185345476
NAc-shell-rh,THA-VP-lh,Accumbens,Thal_post,0.0293086964599053,0.029581776501442555,0.00027308004153725474,0.00027308004153725474
mAMY-rh,aPUT-lh,Amygdala,Putamen,0.016632032793583443,0.016759524537430102,0.0001274917438466583,0.0001274917438466583
aCAU-rh,THA-DP-lh,Caudate,Thal_post,-0.04186303446928432,-0.04177094512682819,9.208934245612949e-05,9.208934245612949e-05
